,id,smiles,protein
0,1jd0,c1(nnc(NC(=O)C)s1)S(=O)(=O)N,KWTYFGPDGENSWSKKYPSCGGLLQSPIDLHSDILQYDASLTPLEFQGYNLSANKQFLLTNNGHSVKLNLPSDMHIQGLQSRYSATQLHLHWGNPNDPHGSEHTVSGQHFAAELHIVHYNSDLYPDASTASNKSEGLAVLAVLIEMGSFNPSYDKIFSHLQHVKYKGQEAFVPGFNIEELLPERTAEYYRYRGSLTTPPCNPTVLWTVFRNPVQISQEQLLALETALYCTHMDDPSPREMINNFRQVQKFDERLVYTSFSWTYFGPDGENSWSKKYPSCGGLLQSPIDLHSDILQYDASLTPLEFQGYNLSANKQFLLTNNGHSVKLNLPSDMHIQGLQSRYSATELHLHWGNPNDPHGSEHTVSGQHFAAELHIVHYNSDLYPDASTASNKSEGLAVLAVLIEMGSFNPSYDKIFSHLQHVKYKGQEAFVPGFNIEELLPERTAEYYRYRGSLTTPPCNPTVLWTVFRNPVQISQEQLLALETALYCTHMDDPSPREMINNFRQVQKFDERLVYTSFS
1,1v0p,n1c(nc2n(C(C)C)cnc2c1Nc1ccc(c(Cl)c1)C(=O)O)N[C@H](C(C)C)CO,MEKYHGLEKIGEGTYGVVYKAQNNYGETFALKKIRLEKEDEGIPSTTIREISILKELKHSNIVKLYDVIHTKKRLVLVFEHLDQDLKKLLDVCEGGLESVTAKSFLLQLLNGIAYCHDRRVLHRDLKPQNLLINREGELKIADFGLARAFGIVTLWYRAPDVLMGSKKYSTTIDIWSVGCIFAEMVNGTPLFPGVSEADQLMRIFRILGTPNSKNWPNVTELPKYDPNFTVYEPLPWESFLKGLDESGIDLLSKMLKLDPNQRITAKQALEHAYFKEEKYHGLEKIGEGTYGVVYKAQNNYGETFALKPSTTIREISILKELKHSNIVKLYDVIHTLVLVFEHLDQDLKKLLDVCEGGLESVTAKSFLLQLLNGIAYCHDRRVLHRDLKPQNLLINREGELKIADFGLARAFLWYRAPDVLMGSKKYSTTIDIWSVGCIFAEMVNGTPLFPGVSEADQLMRIFRILGTPNSKNWPNVTELPKYDPNFTVYEPLPWESFLKGLDESGIDLLSKMLKLDPNQRITAKQALEHAYFKE
2,1p62,OC[C@H]1O[C@@H](n2ccc(nc2=O)N)C(F)(F)[C@@H]1O,RIKKISIEGNIAAGKSTFVNILKQLCEDWEVVPEPVARWCNVQSTNGGNVLQMMYEKPERWSFTFQTYACLSRIRAQLASLNGKLKDAEKPVLFFERSVYSDRYIFASNLYESECMNETEWTIYQDWHDWMNNQFGQSLELDGIIYLQATPETCLHRIYLRGRNEEQGIPLEYLEKLHYKHESWLLHRTLKTNFDYLQEVPILTLDVNEDFKDKYESLVEKVKEFLSTL
3,1m2z,C1=CC(=O)C=C2CC[C@@H]3[C@@]([C@@]12C)([C@H](C[C@]1([C@H]3C[C@H]([C@@]1(C(=O)CO)O)C)C)O)F,ATLPQLTPTLVSLLEVIEPEVLYAGYDSSVPDSTWRIMTTLNMLGGRQVIAAVKWAKAIPGFRNLHLDDQMTLLQYSWMSLMAFALGWRSYRQSSANLLCFAPDLIINEQRMTLPCMYDQCKHMLYVSSELHRLQVSYEEYLCMKTLLLLSSVPKDGLKSQELFDEIRMTYIKELGKAIVKREGNSSQNWQRFYQLTKLLDSMHEVVENLLNYCFQTFLDKTMSIEFPEMLAEIITNQIPKYSNGNIKKLLFHQKPVSPKKKENALLRYLLDKDDTLPQLTPTLVSLLEVIEPEVLYAGYDSSVPDSTWRIMTTLNMLGGRQVIAAVKWAKAIPGFRNLHLDDQMTLLQYSWMSLMAFALGWRSYRQSSANLLCFAPDLIINEQRMTLPCMYDQCKHMLYVSSELHRLQVSYEEYLCMKTLLLLSSVPKDGLKSQELFDEIRMTYIKELGKAIVKREGNSSQNWQRFYQLTKLLDSMHEVVENLLNYCFQTFLDKTMSIEFPEMLAEIITNQIPKYSNGNIKKLLFHQKPVSPKKKENALLRYLLDKDDT
4,1tz8,CC/C(=C(\c1ccc(O)cc1)/CC)/c1ccc(O)cc1,CPLMVKVLDAVRGSPAINVAVHVFRKAADDTWEPFASGKTSESGELHGLTTEEEFVEGIYKVEIDTKSYWKALGISPFHEHAEVVFTANDSGPRRYTIAALLSPYSYSTTAVVTNCPLMVKVLDAVRGSPAINVAVHVFRKAADDTWEPFASGKTSESGELHGLTTEEEFVEGIYKVEIDTKSYWKALGISPFHEHAEVVFTANDSGPRRYTIAALLSPYSYSTTAVVTNCPLMVKVLDAVRGSPAINVAVHVFRKAADDTWEPFASGKTSESGELHGLTTEEEFVEGIYKVEIDTKSYWKALGISPFHEHAEVVFTANDSGPRRYTIAALLSPYSYSTTAVVTNPCPLMVKVLDAVRGSPAINVAVHVFRKAADDTWEPFASGKTSESGELHGLTTEEEFVEGIYKVEIDTKSYWKALGISPFHEHAEVVFTANDSGPRRYTIAALLSPYSYSTTAVVTN
5,1nav,O=C(O)Cc1cc(c(Oc2ccc(O)c(c2)C(C)C)c(c1)Cl)Cl,HMEEMIRSLQQRPEPTPEEWDLIHIATEAHRSTNAKQRRKFLPDDIGQSPDGDKVDLEAFSEFTKIITPAITRVVDFAKKLPMFSELPCEDQIILLKGCCMEIMSLRAAVRYDPESDTLTLSGEMAVKREQLKNGGLGVVSDAIFELGKSLSAFNLDDTEVALLQAVLLMSTDRSGLLCVDKIEKSQEAYLLAFEHYVNHRKHAIPHFWPKLLMKVTDLRMIGACHASRFLHMKVECPTELFPPLFLEVFEDQ
6,1r58,C(C)(C)SCC[C@@H](N)[C@H](O)C(=O)NNC(=O)c1cccc(c1)Cl,KVQTDPPSVPICDLYPNGVFPKGQECEYPPTQDGRTAAWRTTSEEKKALDQASEEIWNDFREAAEAHRQVRKYVMSWIKPGMTMIEICEKLEDCSRKLIKENGLNAGLAFPTGCSLNNCAAHYTPNAGDTTVLQYDDICKIDFGTHISGRIIDCAFTVTFNPKYDTLLKAVKDATNTGIKCAGIDVRLCDVGEAIQEVMESYEVEIDGKTYQVKPIRNLNGHSIGQYRIHAGKTVPIIKGGEATRMEEGEVYAIETFGSTGKGVVHDDMECSHYMKNFDVGHVPIRLPRTKHLLNVINENFGTLAFCRRWLDRLGESKYLMALKNLCDLGIVDPYPPLCDIKGSYTAQFEHTILLRPTCKEVVSRGDDY
7,1oq5,S(=O)(=O)(c1ccc(cc1)n1c(c2ccc(C)cc2)cc(C(F)(F)F)n1)N,HWGYGKHNGPEHWHKDFPIAKGERQSPVDIDTHTAKYDPSLKPLSVSYDQATSLRILNNGHAFNVEFDDSQDKAVLKGGPLDGTYRLIQFHFHWGSLDGQGSEHTVDKKKYAAELHLVHWNTKYGDFGKAVQQPDGLAVLGIFLKVGSAKPGLQKVVDVLDSIKTKGKSADFTNFDPRGLLPESLDYWTYPGSLTTPPLLECVTWIVLKEPISVSSEQVLKFRKLNFNGEGEPEELMVDNWRPAQPLKNRQIKASF
8,1u4d,O=C1NCC/C(=C\2/NC(=NC2=O)N)/c2c1[nH]cc2,LTCLIGEKDLRLLEKLGDGSFGVVRRGEWDAPSGKTVSVAVKCPEAMDDFIREVNAMHSLDHRNLIRLYGVVLTPPMKMVTELAPLGSLLDRLRKHQGHFLLGTLSRYAVQVAEGMGYLESKRFIHRDLAARNLLLATRDLVKIGDFGLMRALPQDHYVMVPFAWCAPESLKTRTFSHASDTWMFGVTLWEMFTYGQEPWIGLNGSQILHKIDKEGERLPRPEDCPQDIYNVMVQCWAHKPEDRPTFVALRDFLLEAQLTCLIGEKDLRLLEKLGDGSFGVVRRGEWDAPSGKTVSVAVKCLAMDDFIREVNAMHSLDHRNLIRLYGVVLTPPMKMVTELAPLGSLLDRLRKHQLLGTLSRYAVQVAEGMGYLESKRFIHRDLAARNLLLATRDLVKIGDFGLMRALPQNDDHYVMQEHRKVPFAWCAPESLKTRTFSHASDTWMFGVTLWEMFTYGQEPWIGLNGSQILHKIDKEGERLPRPEDCPQDIYNVMVQCWAHKPEDRPTFVALRDFLLEAQP
9,1hp0,OC[C@H]1O[C@H]([C@@H]([C@@H]1O)O)n1cnc2c(N)nccc12,SAKNVVLDHDGNLDDFVAMVLLASNTEKVRLIGALCTDADCFVENGFNVTGKIMCLMHNNMNLPLFPIGKSAATAVNPFPKEWRCLAKNMDDMPILNIPENVELWDKIKAENEKYEGQQLLADLVMNSEEKVTICVTGPLSNVAWCIDKYGEKFTSKVEECVIMGGAVDVRGNVFLPSTDGTAEWNIYWDPASAKTVFGCPGLRRIMFSLDSTNTVPVRSPYVQRFGEQTNFLLSILVGTMWAMCTHGYYAWDALTAAYVVDQKVANVDPVPIDVVVDKQPNEGATVRTDAENYPLTFVARNPEAEFFLDMLLRSARASAKNVVLDHDGNLDDFVAMVLLASNTEKVRLIGALCTDADCFVENGFNVTGKIMCLMHNNMNLPLFPIGKSAATAVNPFPKEWRCLAKNMDDMPILNIPENVELWDKIKAENEKYEGQQLLADLVMNSEEKVTICVTGPLSNVAWCIDKYGEKFTSKVEECVIMGGAVDVRGNVFLPSTDGTAEWNIYWDPASAKTVFGCPGLRRIMFSLDSTNTVPVRSPYVQRFGEQTNFLLSILVGTMWAMCTHDGDGYYAWDALTAAYVVDQKVANVDPVPIDVVVDKQPNEGATVRTDAENYPLTFVARNPEAEFFLDMLLRSARA
10,1xm6,O=C1O[C@](CN1)(C)c1ccc(OC)c(c1)OCCC,QDHLAKELEDLNKWGLNIFNVAGYSHNRPLTIMYAIFQERDLLKTFRISSDTFITYMMTLEDHYHSDVAYHNSLHAADVAQSTHVLLSTPALDAVFTDLEILAAIFAAAIHDVDHPGVSNQFLINTNSELALMYNDESVLENHHLAVGFKLLQEEHDIFMNLTKKQRQTLRKMVIDMVLATDMSKHMSLLADLKTMVETKKVTSSGVLLLDNYTDRIQVLRNMVHCADLSNPTKSLELYRQWTDRIMEEFFQQGDKERERGMEISPMDKHTASVEKSQVGFIDYIVHPLWETWADLVQPDAQDILDTLEDNRNWYQSMIPQGLMEKFQFELTLDEDHLAKELEDLNKWGLNIFNVAGYSHNRPLTIMYAIFQERDLLKTFRISSDTFITYMMTLEDHYHSDVAYHNSLHAADVAQSTHVLLSTPALDAVFTDLEILAAIFAAAIHDVDHPGVSNQFLINTNSELALMYNDESVLENHHLAVGFKLLQEEHDIFMNLTKKQRQTLRKMVIDMVLATDMSKHMSLLADLKTMVETKKVTSSGVLLLDNYTDRIQVLRNMVHCADLSNPTKSLELYRQWTDRIMEEFFQQGDKERERGMEISPMDKHTASVEKSQVGFIDYIVHPLWETWADLVQPDAQDILDTLEDNRNWYQSMIPGLMEKFQFELT
11,1ywr,c1c(ccc(c1)F)c1c(c2nc(N[C@H](c3ccccc3)C)ncc2)n(n(C2CC[NH3]CC2)c1=O)C,RPTFYRQELNKTIWEVPERYQNLSPVGSGAYGSVCAAFDTKTGHRVAVKKLSRPFQSIIHAKRTYRELRLLKHMKHENVIGLLDVFTPARSLEEFNDVYLVTHLMGADLNNIKCQKLTDDHVQFLIYQILRGLKYIHSADIIHRDLKPSNLAVNEDCELKILDFGLARVATRWYRAPEIMLNWMHYNQTVDIWSVGCIMAELLTGRTLFPGTDHIDQLKLILRLVGTPGAELLKKISSESARNYIQSLTQMPKMNFANVFIGANPLAVDLLEKMLVLDSDKRITAAQALAHAYFAQYHDPDDEPVADPYDQSFESRDLLIDEWKSLTYDEVISFVPPP
12,1lpz,c1cc2c(c(c1)C)cc(n2Cc1cccc(c1)C(=[NH3])N)C(=O)NCc1cc(cc(c1)Cl)Cl,RKLCSLDNGDCDQFCHEEQNSVVCSCARGYTLADNGKACIPTGPYPCGKQTLEIVGGQECKDGECPWQALLINEENEGFCGGTILSEFYILTAAHCLYQAKRFKVRVGDRNTEQEEGGEAVHEVEVVIKHNRFTKETYDFDIAVLRLKTPITFRMNVAPACLPERDWAESTLMTQKTGIVSGFGRTHEKGRQSTRLKMLEVPYVDRNSCKLSSSFIITQNMFCAGYDTKQEDACQGDSGGPHVTRFKDTYFVTGIVSWGEGCARKGKYGIYTKVTAFLKWIDRSMKT
13,1sq5,OCC(C)(C)[C@@H](O)C(=O)NCCC(=O)O,MTPYLQFDRNQWAALRDMLSEDEIARLKGINEDLSLEEVAEIYLPLSRLLNFYISSNLRRQAVLEQFLGTNQRIPYIISIAGSVAVGKSTTARVLQALLSRWPEHRRVELITTDGFLHPNQVLKERGLMKKKGFPESYDMHRLVKFVSDLKSGVPNVTAPVYSHLIYDVIPDGDKTVVPDILILEGLNVLQSGMDYPHDPHHVFVSDFVDFSIYVDAPEDLLQTWYINRFLKFREGAFTDPDSYFHNYAKLTKEEAIKTAMTLWKEINWLNLKQNILPTRERASLILTKSANHAVEEVRLRKMTPYLQFDRNQWAALRLSEDEIARLKGINEDLSLEEVAEIYLPLSRLLNFYISSNLRRQAVLEQFLGTAGQRIPYIISIAGSVAVGKSTTARVLQALLSRWPEHRRVELITTDGFLHPNQVLKERGLMKKKGFPESYDMHRLVKFVSDLKSGVPNVTAPVYSHLIYDVIPDGDKTVVQPDILILEGLNVLQSGMDYPHDPHHVFVSDFVDFSIYVDAPEDLLQTWYINRFLKFREGAFTDPDSYFHNYAKLTKEEAIKTAMTLWKEINWLNLKQNILPTRERASLILTKSANHAVEEVRLRKMTPYLQFDRNQWAALRMTLSEDEIARLKGINEDLSLEEVAEIYLPLSRLLNFYISSNLRRQAVLEQFLGTNRPYIISIAGSVAVGKSTTARVLQALLSRWPERVELITTDGFLHPNQVLKERGLMKKKGFPESYDMHRLVKFVSDLKSGVPNVTAPVYSHLIYDVIPDGDKTVVPDILILEGLNVLQSGMDYPHDPHHVFVSDFVDFSIYVDAPEDLLQTWYINRFLKFREGAFTDPDSYFHNYAKLTKEEAIKTAMTLWKEINWLNLKQNILPTRERASLILTKSANHAVEEVRLRKMTPYLQFDRNQWAALRDMTLSEDEIARLKGINEDLSLEEVAEIYLPLSRLLNFYISSNLRRQAVLEQFLGTNGQRIPYIISIAGSVAVGKSTTARVLQALLSRWPEHRRVELITTDGFLHPNQVLKERGLMKKKGFPESYDMHRLVKFVSDLKSGVPNVTAPVYSHLIYDVIPDGDKTVVPDILILEGLNVLQSGMDYPHDPHHVFVSDFVDFSIYVDAPEDLLQTWYINRFLKFREGAFTDPDSYFHNYAKLTKEEAIKTAMTLWKEINWLNLKQNILPTRERASLILTKSANHAVEEVRLRK
14,1hvy,n1c(C)[nH]c(=O)c2cc(ccc12)CN(c1sc(cc1)C(=O)N[C@@H](CCC(=O)O)C(=O)O)C,PPHGELQYLGQIQHILRGVRKDDRTGTGTLSVFGMQARYSLRDEFPLLTTKRVFWKGVLEELLWFIKGSTNAKELSSKGVKIWDANGSRDFLDSLGFSTREEGDLGPVYGFQWRHFGAEYRDMESDYSGQGVDQLQRVIDTIKTNPDDRRIIMCAWNPRDLPLMALPPCHALCQFYVVNSELSCQLYQRSGDMGLGVPFNIASYALLTYMIAHITGLKPGDFIHTLGDAHIYLNHIEPLKIQLQREPRPFPKLRILRKVEKIDDFKAEDFQIEGYNPHPTIKMEMAVPPHGELQYLGQIQHILRGVRKDDRTGTGTLSVFGMQARYSLRDEFPLLTTKRVFWKGVLEELLWFIKGSTNAKELSSKGVKIWDANGSRDFLDSLGFSTREEGDLGPVYGFQWRHFGAEYRDMESDYSGQGVDQLQRVIDTIKTNPDDRRIIMCAWNPRDLPLMALPPCHALCQFYVVNSELSCQLYQRSGDMGLGVPFNIASYALLTYMIAHITGLKPGDFIHTLGDAHIYLNHIEPLKIQLQREPRPFPKLRILRKVEKIDDFKAEDFQIEGYNPHPTIKMEMAVPPHGELQYLGQIQHILRGVRKDDRTGTGTLSVFGMQARYSLRDEFPLLTTKRVFWKGVLEELLWFIKGSTNAKELSSKGVKIWDANGSRDFLDSLGFSTREEGDLGPVYGFQWRHFGAEYRDMESDYSGQGVDQLQRVIDTIKTNPDDRRIIMCAWNPRDLPLMALPPCHALCQFYVVNSELSCQLYQRSGDMGLGVPFNIASYALLTYMIAHITGLKPGDFIHTLGDAHIYLNHIEPLKIQLQREPRPFPKLRILRKVEKIDDFKAEDFQIEGYNPHPTIKMEMAVPPHGELQYLGQIQHILRGVRKDDRTGTGTLSVFGMQARYSLRDEFPLLTTKRVFWKGVLEELLWFIKGSTNAKELSSKGVKIWDANGSRDFLDSLGFSTREEGDLGPVYGFQWRHFGAEYRDMESDYSGQGVDQLQRVIDTIKTNPDDRRIIMCAWNPRDLPLMALPPCHALCQFYVVNSELSCQLYQRSGDMGLGVPFNIASYALLTYMIAHITGLKPGDFIHTLGDAHIYLNHIEPLKIQLQREPRPFPKLRILRKVEKIDDFKAEDFQIEGYNPHPTIKMEMAV
15,1of6,[NH4][C@H](C(=O)O)Cc1ccc(cc1)O,GAEEDVRILGYDPLASPALLQVQIPATPTSLETAKRGRREAIDIITGKDDRVLVIVGPCSIHDLEAAQEYALRLKKLSDELKGDLSIIMRAYLEKPRTVGWKGLINDPDVNNTFNINKGLQSARQLFVNLTNIGLPIGSEMLDTISPQYLADLVSFGAIGARTTESQLHRELASGLSFPVGFKNGTDGTLNVAVDACQAAAHSHHFMGVTKHGVAAITTTKGNEHCFVILRGGKKGTNYDAKSVAEAKAQLPAGSNGLMIDYSHGNSNKDFRNQPKVNDVVCEQIANGENAITGVMIESNINEGNQGIPAEGKAGLKYGVSITDACIGWETTEDVLRKLAAAVRQRREVNAEEDVRILGYDPLASPALLQVQIPATPTSLETAKRGRREAIDIITGKDDRVLVIVGPCSIHDLEAAQEYALRLKKLSDELKGDLSIIMRAYLEKPRVGWKGLINDPDVNNTFNINKGLQSARQLFVNLTNIGLPIGSEMLDTISPQYLADLVSFGAIGARTTESQLHRELASGLSFPVGFKNGTDGTLNVAVDACQAAAHSHHFMGVTKHGVAAITTTKGNEHCFVILRGGKGTNYDAKSVAEAKAQLPAGSNGLMIDYSHGNSNKDFRNQPKVNDVVCEQIANGENAITGVMIESNINEGNQGIPAEGKALKYGVSITDACIGWETTEDVLRKLAAAVRQRREVNGAEEDVRILGYDPLASPALLQVQIPATPTSLETAKRGRREAIDIITGKDDRVLVIVGPCSIHDLEAAQEYALRLKKLSDELKGDLSIIMRAYLEKPRVGWKGLINDPDVNNTFNINKGLQSARQLFVNLTNIGLPIGSEMLDTISPQYLADLVSFGAIGARTTESQLHRELASGLSFPVGFKNGTDGTLNVAVDACQAAAHSHHFMGVTKHGVAAITTTKGNEHCFVILRGGKKGTNYDAKSVAEAKAQLPAGSNGLMIDYSHGNSNKDFRNQPKVNDVVCEQIANGENAITGVMIESNINEGNQGIPAEGKAGLKYGVSITDACIGWETTEDVLRKLAAAVRQRREVNKGAEEDVRILGYDPLASPALLQVQIPATPTSLETAKRGRREAIDIITGKDDRVLVIVGPCSIHDLEAAQEYALRLKKLSDELKGDLSIIMRAYLEKPRVGWKGLINDPDVNNTFNINKGLQSARQLFVNLTNIGLPIGSEMLDTISPQYLADLVSFGAIGARTTESQLHRELASGLSFPVGFKNGTDGTLNVAVDACQAAAHSHHFMGVTKHGVAAITTTKGNEHCFVILRGGKKGTNYDAKSVAEAKAQLPAGSNGLMIDYSHGNSNKDFRNQPKVNDVVCEQIANGENAITGVMIESNINEGNQGIPAEGKAGLKYGVSITDACIGWETTEDVLRKLAAAVRQRREVNGAEEDVRILGYDPLASPALLQVQIPATPTSLETAKRGRREAIDIITGKDDRVLVIVGPCSIHDLEAAQEYALRLKKLSDELKGDLSIIMRAYLEKPWKGLINDPDVNNTFNINKGLQSARQLFVNLTNIGLPIGSEMLDTISPQYLADLVSFGAIGARTTESQLHRELASGLSFPVGFKNGTDGTLNVAVDACQAAAHSHHFMGVTKHGVAAITTTKGNEHCFVILRGGKKGTNYDAKSVAEAKAQLPAGSNGLMIDYSHGNSNKDFRNQPKVNDVVCEQIANGENAITGVMIESNINEGNQGIPKYGVSITDACIGWETTEDVLRKLAAAVRQRREVNGAEEDVRILGYDPLASPALLQVQIPATPTSLETAKRGRREAIDIITGKDDRVLVIVGPCSIHDLEAAQEYALRLKKLSDELKGDLSIIMRAYLEKPRVGWKGLINDPDVNNTFNINKGLQSARQLFVNLTNIGLPIGSEMLDTISPQYLADLVSFGAIGARTTESQLHRELASGLSFPVGFKNGTDGTLNVAVDACQAAAHSHHFMGVTKHGVAAITTTKGNEHCFVILRGGKKGTNYDAKSVAEAKAQLPAGSNGLMIDYSHGNSNKDFRNQPKVNDVVCEQIANGENAITGVMIESNINEGNQGIPGKAGLKYGVSITDACIGWETTEDVLRKLAAAVRQRREVNAEEDVRILGYDPLASPALLQVQIPATPTSLETAKRGRREAIDIITGKDDRVLVIVGPCSIHDLEAAQEYALRLKKLSDELKGDLSIIMRAYLEKPGWKGLINDPDVNNTFNINKGLQSARQLFVNLTNIGLPIGSEMLDTISPQYLADLVSFGAIGARTTESQLHRELASGLSFPVGFKNGTDGTLNVAVDACQAAAHSHHFMGVTKHGVAAITTTKGNEHCFVILRGGKKGTNYDAKSVAEAKAQLPAGSNGLMIDYSHGNSNKDFRNQPKVNDVVCEQIANGENAITGVMIESNINEGNQIPAEAGLKYGVSITDACIGWETTEDVLRKLAAAVRQRREVGAEEDVRILGYDPLASPALLQVQIPATPTSLETAKRGRREAIDIITGKDDRVLVIVGPCSIHDLEAAQEYALRLKKLSDELKGDLSIIMRAYLEKPRTTVGWKGLINDPDVNNTFNINKGLQSARQLFVNLTNIGLPIGSEMLDTISPQYLADLVSFGAIGARTTESQLHRELASGLSFPVGFKNGTDGTLNVAVDACQAAAHSHHFMGVTKHGVAAITTTKGNEHCFVILRGGKKGTNYDAKSVAEAKAQLPAGSNGLMIDYSHGNSNKDFRNQPKVNDVVCEQIANGENAITGVMIESNINEGNQGIPAAGLKYGVSITDACIGWETTEDVLRKLAAAVRQRREV
16,1of1,OC[C@@H]1[C@@H](O)C[C@]2(n3c(=O)[nH]c(=O)c(c3)C)[C@H]1C2,MPTLLRVYIDGPHGMGKTTTTQLLVADDIVYVPEPMTYWRVLGASETIANIYTTQHRLDQGEISAGDAAVVMTSAQITMGMPYAVTDAVLAPHIGGEAPPPALTLIFDRHPIAALLCYPAARYLMGSMTPQAVLAFVALIPPTLPGTNIVLGALPEDRHIDRLAKRQRPGERLDLAMLAAIRRVYGLLANTVRYLQCGGSWREDWGQLSGTGPRPHIGDTLFTLFRAPELLAPNGDLYNVFAWALDVLAKRLRSMHVFILDYDQSPAGCRDALLQLTSGMVQTHVTTPGSIPTICDLARTFAREMGEAMPTLLRVYIDGPHGMGKTTTTQLLVALGSRDDIVYVPEPMTYWRVLGASETIANIYTTQHRLDQGEISAGDAAVVMTSAQITMGMPYAVTDAVLAPHIGGEAPPPALTLIFDRHPIAALLCYPAARYLMGSMTPQAVLAFVALIPPTLPGTNIVLGALPEDRHIDRLAKRGERLDLAMLAAIRRVYGLLANTVRYLQCGGSWREDWGQLSGTPQSNAGPRPHIGDTLFTLFRAPELLAPNGDLYNVFAWALDVLAKRLRSMHVFILDYDQSPAGCRDALLQLTSGMVQTHVTTPGSIPTICDLARTFAREMGEA
17,1yqy,c1(cc(c(cc1)F)C)S(=O)(=O)N[C@@H](C(=O)NO)C1CCOCC1,LSRYEKWEKIKQHYQHWSDSLSEEGRGLLKKLQIPIEPKKDDIIHSLSQEEKELLKRIQIDSSDFLSTEEKEFLKKLQIDIRDSLSEEEKELLNRIQVDSSAPLSEKEKEFLKKLKLDIQPYDINQRLQDTGGLIDSPSINLDVRKQYKRDIQNIDALLHQSIGSTLYNKIYLYENMNINNLTATLGADLVDSTDNTKINRGIFNEFKKNFKYSISSNYMIVDINERPALDNERLKWRIQLSPDTRAGYLENGKLILQRNIGLEIKDVQIIKQSEKEYIRIDAKVVPKSKIDTKIQEAQLNINQEWNKALGLPKYTKLITFNVHNRYASNIVESAYLILNEWKNNIQSDLIKKVTNYLVDGNGRFVFTDITLPNIAEQYTHQDEIYEQVHSKGLYVPESRSILLHGPSKGVELRNDSEGFIHEFGHAVDDYAGYLLDKNQSDLVTNSKKFIDIFKEEGSNLTSYGRTNEAEFFAEAFRLMHSTDHAERLKVQKNAPKTFQFINDQIKFIINSLV
18,1q1g,CSC[C@H]1[NH3][C@H]([C@H](O)[C@@H]1O)c1c[nH]c2c(=O)[nH]cnc12,NLLRHLKISKEQITPVVLVVGDPGRVDKIKVVCDSYVDLAYNREYKSVECHYKGQKFLCVSHGVGSAGCAVCFEELCQNGAKVIIRAGSCGSLQPDLIKRGDICICNAAVREDRVSHLLIHGDFPAVGDFDVYDTLNKCAQELNVPVFNGISVSSDMYYPNKIIPSRLEDYSKANAAVVEMELATLMVIGTLRKVKTGGILIVDGCPFKWDEGDFDNNLVPHQLENMIKIALGACAKLATKYANLLRHLKISKEQITPVVLVVGDPGRVDKIKVVCDSYVDLAYNREYKSVECHYKGQKFLCVSHGVGSAGCAVCFEELCQNGAKVIIRAGSCGSLQPDLIKRGDICICNAAVREDRVSHLLIHGDFPAVGDFDVYDTLNKCAQELNVPVFNGISVSSDMYYPNKIIPSRLEDYSKANAAVVEMELATLMVIGTLRKVKTGGILIVDGCPFKWDEGDFDNNLVPHQLENMIKIALGACAKLATKYANLLRHLKISKEQITPVVLVVGDPGRVDKIKVVCDSYVDLAYNREYKSVECHYKGQKFLCVSHGVGSAGCAVCFEELCQNGAKVIIRAGSCGSLQPDLIKRGDICICNAAVREDRVSHLLIHGDFPAVGDFDVYDTLNKCAQELNVPVFNGISVSSDMYYPNKIIPSRLEDYSKANAAVVEMELATLMVIGTLRKVKTGGILIVDGCPFKWDEGDFDNNLVPHQLENMIKIALGACAKLATKYANLLRHLKISKEQITPVVLVVGDPGRVDKIKVVCDSYVDLAYNREYKSVECHYKGQKFLCVSHGVGSAGCAVCFEELCQNGAKVIIRAGSCGSLQPDLIKRGDICICNAAVREDRVSHLLIHGDFPAVGDFDVYDTLNKCAQELNVPVFNGISVSSDMYYPNKIIPSRLEDYSKANAAVVEMELATLMVIGTLRKVKTGGILIVDGCPFKWDEGDFDNNLVPHQLENMIKIALGACAKLATKYANLLRHLKISKEQITPVVLVVGDPGRVDKIKVVCDSYVDLAYNREYKSVECHYKGQKFLCVSHGVGSAGCAVCFEELCQNGAKVIIRAGSCGSLQPDLIKRGDICICNAAVREDRVSHLLIHGDFPAVGDFDVYDTLNKCAQELNVPVFNGISVSSDMYYPNKIIPSRLEDYSKANAAVVEMELATLMVIGTLRKVKTGGILIVDGCPFKWDEGDFDNNLVPHQLENMIKIALGACAKLATKYANLLRHLKISKEQITPVVLVVGDPGRVDKIKVVCDSYVDLAYNREYKSVECHYKGQKFLCVSHGVGSAGCAVCFEELCQNGAKVIIRAGSCGSLQPDLIKRGDICICNAAVREDRVSHLLIHGDFPAVGDFDVYDTLNKCAQELNVPVFNGISVSSDMYYPNKIIPSRLEDYSKANAAVVEMELATLMVIGTLRKVKTGGILIVDGCPFKWDEGDFDNNLVPHQLENMIKIALGACAKLATKYA
19,2br1,COc1ccc(cc1)c1c2c(NCCO)ncnc2oc1c1ccc(OC)cc1,AVPFVEDWDLVQTLGEGAYGEVQLAVNRVTEEAVAVKIVDMKRPENIKKEICINKMLNHENVVKFYGHRREGNIQYLFLEYCSGGELFDRIEPDIGMPEPDAQRFFHQLMAGVVYLHGIGITHRDIKPENLLLDERDNLKISDFGLATVFRYNNRERLLNKMCGTLPYVAPELLKRREFHAEPVDVWSCGIVLTAMLAGELPWDQPSDSCQEYSDWKEKKTYLNPWKKIDSAPLALLHKILVENPSARITIPDIKKDRWYNKPLKKGAKRP
20,1w1p,O=C1[C@@H]2CCCN2C(=O)CN1,STRKAVIGYYFIPTNQINNYTETDTSVVPFPVSNITPAKAKQLTHINFSFLDINSNLECAWDPATNDAKARDVVNRLTALKAHNPSLRIMFSIGGWYYSNDLGVSHANYVNAVKTPASRAKFAQSCVRIMKDYGFDGVDIDWEYPQAAEVDGFIAALQEIRTLLNQQTITDGRQALPYQLTIAGAGGAFFLSRYYSKLAQIVAPLDYINLMTYDLAGPWEKVTNHQAALFGDAAGPTFYNALREANLGWSWEELTRAFPSPFSLTVDAAVQQHLMMEGVPSAKIVMGVPFYGRAFKGVSGGNGGQYSSHSTPGEDPYPSTDYWLVGCEECVRDKDPRIASYRQLEQMLQGNYGYQRLWNDKTKTPYLYHAQNGLFVTYDDAESFKYKAKYIKQQQLGGVMFWHLGQDNRNGDLLAALDRYFNAADYDDSQLDMGTGLRYTGVGPGNLPIMTAPAYVPGTTYAQGALVSYQGYVWQTKWGYITSAPGSDSAWLKVGRVASTRKAVIGYYFIPTNQINNYTETDTSVVPFPVSNITPAKAKQLTHINFSFLDINSNLECAWDPATNDAKARDVVNRLTALKAHNPSLRIMFSIGGWYYSNDLGVSHANYVNAVKTPASRAKFAQSCVRIMKDYGFDGVDIDWEYPQAAEVDGFIAALQEIRTLLNQQTITDGRQALPYQLTIAGAGGAFFLSRYYSKLAQIVAPLDYINLMTYDLAGPWEKVTNHQAALFGDAAGPTFYNALREANLGWSWEELTRAFPSPFSLTVDAAVQQHLMMEGVPSAKIVMGVPFYGRAFKGVSGGNGGQYSSHSTPGEDPYPSTDYWLVGCEECVRDKDPRIASYRQLEQMLQGNYGYQRLWNDKTKTPYLYHAQNGLFVTYDDAESFKYKAKYIKQQQLGGVMFWHLGQDNRNGDLLAALDRYFNAADYDDSQLDMGTGLRYTGVGPGNLPIMTAPAYVPGTTYAQGALVSYQGYVWQTKWGYITSAPGSDSAWLKVGRVA
21,1j3j,N1=C([NH2]=C(C(=C1N)c1ccc(cc1)Cl)CC)N,MMEQVCDVFDIYAICACCKVESKNEGKKNEVFNNYTFRGLGNKGVLPWKCNSLDMKYFRAVTTYVNESKYEKLKYKRCKYLNKETKKLQNVVVMGRTNWESIPKKFKPLSNRINVILSRTLKKEDFDEDVYIINKVEDLIVLLGKLNYYKCFIIGGSVVYQEFLEKKLIKKIYFTRINSTYECDVFFPEINENEYQIISVSDVYTSNNTTLDFIIYKKTNNMMEQVCDVFDIYAICACCKVESKNEGKKNEVFNNYTFRGLGNKGVLPWKCNSLDMKYFRAVTTYVNESKYEKLKYKRCKYLKLQNVVVMGRTNWESIPKKFKPLSNRINVILSRTLKKEDFDEDVYIINKVEDLIVLLGKLNYYKCFIIGGSVVYQEFLEKKLIKKIYFTRINSTYECDVFFPEINENEYQIISVSDVYTSNNTTLDFIIYKKTNNDDEEEDDFVYFNFNKEKEEKNKNSIHPNDFQIYNSLKYKYHPEYQYLNIIYDIMMNGNKQSDRTGVGVLSKFGYIMKFDLSQYFPLLTTKKLFLRGIIEELLWFIRGETNGNTLLNKNVRIWEANGTREFLDNRKLFHREVNDLGPIYGFQWRHFGAEYTNMYDNYENKGVDQLKNIINLIKNDPTSRRILLCAWNVKDLDQMALPPCHILCQFYVFDGKLSCIMYQRSCDLGLGVPFNIASYSIFTHMIAQVCNLQPAQFIHVLGNAHVYNNHIDSLKIQLNRIPYPFPTLKLNPDIKNIEDFTISDFTIQNYVHHEKISMDMAADDEEEDDFVYFNFNKEKEEKNKNSIHPNDFQIYNSLKYKYHPEYQYLNIIYDIMMNGNKQSDRTGVGVLSKFGYIMKFDLSQYFPLLTTKKLFLRGIIEELLWFIRGETNGNTLLNKNVRIWEANGTREFLDNRKLFHREVNDLGPIYGFQWRHFGAEYTNMYDNYENKGVDQLKNIINLIKNDPTSRRILLCAWNVKDLDQMALPPCHILCQFYVFDGKLSCIMYQRSCDLGLGVPFNIASYSIFTHMIAQVCNLQPAQFIHVLGNAHVYNNHIDSLKIQLNRIPYPFPTLKLNPDIKNIEDFTISDFTIQNYVHHEKISMDMAA
22,1y6b,O=S(=O)(NCC1CC1)c1ccc(c(c1)Nc1oc(cn1)c1cc(ccc1)C1=CC=C[NH2]=C1)OC,RLPYDASKWEFPRDRLKLGKPLGRGGQVIEADAFGIDKTATCRTVAVKMLKATHSEHRALMSELKILIHIGHHLNVVNLLGACTKPGGPLMVIVEFCKFGNLSTYLRSKRNEFVPYFLTLEHLICYSFQVAKGMEFLASRKCIHRDLAARNILLSEKNVVKICDFPLKWMAPETIFDRVYTIQSDVWSFGVLLWEIFSLGASPYPGVKIDEEFCRRLKEGTRMRAPDYTTPEMYQTMLDCWHGEPSQRPTFSELVEHLGNLLQANA
23,1l7f,[C@H]1(NC(=[NH3])N)[C@H]([C@H](C(CC)CC)NC(=O)C)[C@H](O)[C@@H](C(=O)O)C1,RDFNNLTKGLCTINSWHIYGKDNAVRIGEDSDVLVTREPYVSCDPDECRFYALSQGTTIRGKHSNGTIHDRSQYRALISWPLSSPPTVYNSRVECIGWSSTSCHDGKTRMSICISGPNNNASAVIWYNRRPVTEINTWARNILRTQESECVCHNGVCPVVFTDGSATGPAETRIYYFKEGKILKWEPLAGTAKHIEECSCYGERAEITCTCRDNWQGSNRPVIRIDPVAMTHTSQYICSPVLTDNPRPNDPTVGKCNDPYPGNNNNGVKGFSYLDGVNTWLGRTISIASRSGYEMLKVPNALTDDKSKPTQGQTIVLNTDWSGYSGSFMDYWAEGECYRACFYVELIRGRPKEDKVWWTSNSIVSMCSSTEFLGQWDWPDGAKIEYFL
24,1hwi,c12c(cccc1)n(c(c2c1ccc(cc1)F)/C=C/[C@H](C[C@@H](O)CC(=O)O)O)C(C)C,LSDAEIIQLVNLETLIETHERGVSIRRQLLSKKLSEPSSLQYLPYRDYNYSLVMGACCENVIGYMPIPVGVAGPLCLDEKEFQVPMATTEGCLVASTNRGCRAIGLGGGASSRVLADGMTRGPVVRLPRACDSAEVKAWLETSEGFAVIKEAFDSTSRFARLQKLHTSIAGRNLYIRFQSRSGDAMGMNMISKGTEKALSKLHEYFPEMQILAVSGNYCTDKKPAAINWIEGRGKSVVCEAVIPAKVVREVLKTTTEAMIEVNINKNLVGSAMAGSIGGYNAHAANIVTAIYIACGQDAAQNVGSSNCITLMEASGPTNEDLYISCTMPSIEIGTVGGGTNLLPQQACLQMLGVQGACKDNPGENARQLARIVCGTVMAGELSLMAALAAGHLLSDAEIIQLVNAKHIPAYKLETLIETHERGVSIRRQLLSKKLSEPSSLQYLPYRDYNYSLVMGACCENVIGYMPIPVGVAGPLCLDEKEFQVPMATTEGCLVASTNRGCRAIGLGGGASSRVLADGMTRGPVVRLPRACDSAEVKAWLETSEGFAVIKEAFDSTSRFARLQKLHTSIAGRNLYIRFQSRSGDAMGMNMISKGTEKALSKLHEYFPEMQILAVSGNYCTDKKPAAINWIEGRGKSVVCEAVIPAKVVREVLKTTTEAMIEVNINKNLVGSAMAGSIGGYNAHAANIVTAIYIACGQDAAQNVGSSNCITLMEASGPTNEDLYISCTMPSIEIGTVGGGTNLLPQQACLQMLGVQGACKDNPGENARQLARIVCGTVMAGELSLMAALAAGERGVSIRRQLLSKKLSEPSSLQYLPYRDYNYSLVMGACCENVIGYMPIPVGVAGPLCLDEKEFQVPMATTEGCLVASTNRGCRAIGLGGGASSRVLADGMTRGPVVRLPRACDSAEVKAWLETSEGFAVIKEAFDSTSRFARLQKLHTSIAGRNLYIRFQSRSGDAMGMNMISKGTEKALSKLHEYFPEMQILAVSGNYCTDKKPAAINWIEGRGKSVVCEAVIPAKVVREVLKTTTEAMIEVNINKNLVGSAMAGSIGGYNAHAANIVTAIYIACGQDAAQNVGSSNCITLMEASGPTNEDLYISCTMPSIEIGTVGGGTNLLPQQACLQMLGVQGACKDNPGENARQLARIVCGTVMAGELSLMAALAAGHLTHERGVSIRRQLLSKKLSEPSSLQYLPYRDYNYSLVMGACCENVIGYMPIPVGVAGPLCLDEKEFQVPMATTEGCLVASTNRGCRAIGLGGGASSRVLADGMTRGPVVRLPRACDSAEVKAWLETSEGFAVIKEAFDSTSRFARLQKLHTSIAGRNLYIRFQSRSGDAMGMNMISKGTEKALSKLHEYFPEMQILAVSGNYCTDKKPAAINWIEGRGKSVVCEAVIPAKVVREVLKTTTEAMIEVNINKNLVGSAMAGSIGGYNAHAANIVTAIYIACGQDAAQNVGSSNCITLMEASGPTNEDLYISCTMPSIEIGTVGGGTNLLPQQACLQMLGVQGACKDNPGENARQLARIVCGTVMAGELSLMAALAAG
25,1hq2,C1Nc2nc(N)[nH]c(=O)c2N=C1CO,TVAYIAIGSNLASPLEQVNAALKALGDIPESHILTVSSFYRTPPLGPQDQPDYLNAAVALETSLAPEELLNHTQRIELQQGAVRKAERWGPRTLDLDIMLFGNEVINTERLTVPHYDMKNRGFMLWPLFEIAPELVFPDGEMLRQILHTRAFDKLNKW
26,2bsm,COc1ccc(cc1)c1c(C(=O)NCC)n[nH]c1c1cc(Cl)c(O)cc1O,EVETFAFQAEIAQLMSLIINTFYSNKEIFLRELISNSSDALDKIRYESLTDPSKLDSGKELHINLIPNKQDRTLTIVDTGIGMTKADLINNLGTIAKSGTKAFMEALQAGADISMIGQFGVGFYSAYLVAEKVTVITKHNDDEQYAWESSAGGSFTVRTDTGEPMGRGTKVILHLKEDQTEYLEERRIKEIVKKHSQFIGYPITLFVEK
27,1gkc,CC(C)([C@@H](C(=O)NC)NC(=O)[C@@H](CN(C=O)O)CC(C)C)C,FEGDLKWHHHNITYWIQNYSEDLPRAVIDDAFARAFALWSAVTPLTFTRVYSRDADIVIQFGVAEHGDGYPFDGKDGLLAHAFPPGPGIQGDAHFDDDELWSLGKGQGYSLFLVAAHEFGHALGLDHSSVPEALMYPMYRFTEGPPLHKDDVNGIRHLYDLKWHHHNITYWIQNYSEDLPRAVIDDAFARAFALWSAVTPLTFTRVYSRDADIVIQFGVAEHGDGYPFDGKDGLLAHAFPPGPGIQGDAHFDDDELWSLGKGQGYSLFLVAAHEFGHALGLDHSSVPEALMYPMYRFTEGPPLHKDDVNGIRHLY
28,1xoq,O=C(c1ccc(OC(F)F)c(OCC2CC2)c1)Nc1c(Cl)cncc1Cl,TEQEDVLAKELEDVNKWGLHVFRIAELSGNRPLTVIMHTIFQERDLLKTFKIPVDTLITYLMTLEDHYHADVAYHNNIHAADVVQSTHVLLSTPALEAVFTDLEILAAIFASAIHDVDHPGVSNQFLINTNSELALMYNDSSVLENHHLAVGFKLLQEENCDIFQNLTKKQRQSLRKMVIDIVLATDMSKHMNLLADLKTMVETKKVTSSGVLLLDNYSDRIQVLQNMVHCADLSNPTKPLQLYRQWTDRIMEEFFRQGDRERERGMEISPMCDKHNASVEKSQVGFIDYIVHPLWETWADLVHPDAQDILDTLEDNREWYQSTIPTEQEDVLAKELEDVNKWGLHVFRIAELSGNRPLTVIMHTIFQERDLLKTFKIPVDTLITYLMTLEDHYHADVAYHNNIHAADVVQSTHVLLSTPALEAVFTDLEILAAIFASAIHDVDHPGVSNQFLINTNSELALMYNDSSVLENHHLAVGFKLLQEENCDIFQNLTKKQRQSLRKMVIDIVLATDMSKHMNLLADLKTMVETKKVVLLLDNYSDRIQVLQNMVHCADLSNPTKPLQLYRQWTDRIMEEFFRQGDRERERGMEISPMCDKHNASVEKSQVGFIDYIVHPLWETWADLVHPDAQDILDTLEDNREWYQSTIP
29,1gm8,O=C1N2[C@@H](C(=O)O)C(C)(C)[S@](=O)[C@@H]2[C@@H]1NC(=O)Cc1ccccc1,SSSEIKIVRDEYGMPHIYANDTWHLFYGYGYVVAQDRLFQMEMARRSTQGTVAEVLGKDFVKFDKDIRRNYWPDAIRAQIAALSPEDMSILQGYADGMNAWIDKVNTNPETLLPKQFNTFGFTPKRWEPFDVAMIFVGTMANRFSDSTSEIDNLALLTALKDKYGVSQGMAVFNQLKWLVNPSAPTTIAVQESNYPLKFNQQNSQTASNMWVIGKSKAQDAKAIMVNGPQFGWYAPAYTYGIGLHGAGYDVTGNTPFAYPGLVFGHNGVISWGSTAGFGDDVDIFAERLSAEKPGYYLHNGKWVKMLSREETITVKNGQAETFTVWRTVHGNILQTDQTTQTAYAKSRAWDGKEVASLLAWTHQMKAKNWQEWTQQAAKQALTINWYYADVNGNIGYVHTGAYPDRQSGHDPRLPVPGTGKWDWKGLLPFEMNPKVYNPQSGYIANWANSPQKDYPASDLFAFLWGGADRVTEIDRLLEQKPRLTADQAWDVIRQTSRQDLNLRLFLPTLQAATSGLTQSDPRRQLVETLTRWDGINLLNDDGKTWQQPGSAILNVWLTSMLKRTVVAAVPMPFDKWYSASGYETTQDGPTGSLNISVGAKILYEAVQGDKSPIPQAVDLFAGKPQQEVVLAALEDTWETLSKRYGNNVSNWKTPAMALTFRANNFFGVPQAAAEETRHQAEYQNRGTENDMIVFSPTTSDRPVLAWDVVAPGQSGFIAPDGTVDKHYEDQLKMYENFGRKSLWLTKQDVEAHKESQEVLHVQR
30,1yv3,O=C1c2cc(C)ccc2N=C2[C@@]1(O)CCN2c1ccccc1,NPIHDRTSDYHKYLKVKQGDSDLFKLTVSDKRYIWYNPDPKERDSYECGEIVSETSDSFTFKTVDQDRQVKKDDANQRNPIKFDGVEDMSELSYLNEPAVFHNLRVRYNQDLIYTYSGLFLVAVNPFKRIPIYTQEMVDIFKGRRRNEVAPHIFAISDVAYRSMLDDRQNQSLLITGESGAGKTENTKKVIQYLASVAGRVLEQQILQANPILEAFGNAKTTRNNNSSRFGKFIEIQFNSAGFISGASIQSYLLEKSRVVFQSETERNYHIFYQLLAGATAEEKKALHLAGPESFNYLNQSGCVDIKGVSDSEEFKITRQAMDIVGFSQEEQMSIFKIIAGILHLGNIKFEKGAGEGAVLKDKTALNAASTVFGVNPSVLEKALMEPRILAGRDLVAQHLNVEKSSSSRDALVKALYGRLFLWLVKKINAVLCQERKAYFIGVLDISGFEIFKVNSFEQLCINYTNEKLQQFFNHHMFKLEQEEYLKEKINWTFIDFGLDSQATIDLIDGRQPPGILALLDEQSVFPNATDNTLITKLHSHFSKKNAKYEEPRFSKTEFGVTHYAGQVMYEIQDWLEKNKDPLQQDLELCFKDSSDNVVTKLFNDPNIASRAKKGANFITVAAQYKEQLASLMATLETTNPHFVRCIIPNNKQLPAKLEDKVVLDQLRCNGVLEGIRITRKGFPNRIIYFVQYRFGITKIFFR
31,1t40,c1c(c(ccc1F)C(=O)NCc1nc2c(s1)c(F)cc(F)c2F)OCC(=O)O,MASRLLLNNGAKMPILGLGTWKSPPGQVTEAVKVAIDVGYRHIDCAHVYQNENEVGVAIQEKLREQVVKREELFIVSKLWCTYHEKGLVKGACQKTLSDLKLDYLDLYLIHWPTGFKPGKEFFPLDESGNVVPSDTNILDTWAAMEELVDEGLVKAIGISNFNHLQVEMILNKPGLKYKPAVNQIECHPYLTQEKLIQYCQSKGIVVTAYSPLGSPDRPWAKPEDPSLLEDPRIKAIAAKHNKTTAQVLIRFPMQRNLVVIPKSVTPERIAENFKVFDFELSSQDMTTLLSYNRNWRVCALLSCTSHKDYPFHEEF
32,1r1h,C[C@H]([NH4])[P@](=O)(O)C[C@H](C(=O)N[C@@H](C)C(=O)O)Cc1ccc(cc1)c1ccccc1,GICKSSDCIKSAARLIQNMDATTEPCTDFFKYACGGWLKRNVIPETSSRYGNFDILRDELEVVLKDVLQEPKTEDIVAVQKAKALYRSCINESAIDSRGGEPLLKLLPDIYGWPVATENWEQKYGASWTAEKAIAQLNSKYGKKVLINLFVGTDDKNSVNHVIHIDQPRLGLPSRDYYECTGIYKEACTAYVDFMISVARLIRQEERLPIDENQLALEMNKVMELEKEIANATAKPEDRNDPMLLYNKMTLAQIQNNFSLEINGKPFSWLNFTNEIMSTVNISITNEEDVVVYAPEYLTKLKPILTKYSARDLQNLMSWRFIMDLVSSLSRTYKESRNAFRKALYGTTSETATWRRCANYVNGNMENAVGRLYVEAAFAGESKHVVEDLIAQIREVFIQTLDDLTWMDAETKKRAEEKALAIKERIGYPDDIVSNDNKLNNEYLELNYKEDEYFENIIQNLKFSQSKQLKKLREKVDKDEWISGAAVVNAFYSSGRNQIVFPAGILQPPFFSAQQSNSLNYGGIGMVIGHEITHGFDDNGRNFNKDGDLVDWWTQQSASNFKEQSQCMVYQYGNFSWDLAGGQHLNGINTLGENIADNGGLGQAYRAYQNYIKKNGEEKLLPGLDLNHKQLFFLNFAQVWCGTYRPEYAVNSIKTDVHSPGNFRIIGTLQNSAEFSEAFHCRKNSYMNPEKKCRVW
33,1g9v,C(=O)(O)C(C)(C)Oc1ccc(cc1)CC(=O)Nc1cc(cc(c1)C)C,VLSPADKTNVKAAWGKVGAHAGEYGAEALERMFLSFPTTKTYFPHFDLSHGSAQVKGHGKKVADALTNAVAHVDDMPNALSALSDLHAHKLRVDPVNFKLLSHCLLVTLAAHLPAEFTPAVHASLDKFLASVSTVLTSKYRVHLTPEEKSAVTALWGKVNVDEVGGEALGRLLVVYPWTQRFFESFGDLSTPDAVMGNPKVKAHGKKVLGAFSDGLAHLDNLKGTFATLSELHCDKLHVDPENFRLLGNVLVCVLAHHFGKEFTPPVQAAYQKVVAGVANALAHKYVLSPADKTNVKAAWGKVGAHAGEYGAEALERMFLSFPTTKTYFPHFDLSHGSAQVKGHGKKVADALTNAVAHVDDMPNALSALSDLHAHKLRVDPVNFKLLSHCLLVTLAAHLPAEFTPAVHASLDKFLASVSTVLTSKYRVHLTPEEKSAVTALWGKVNVDEVGGEALGRLLVVYPWTQRFFESFGDLSTPDAVMGNPKVKAHGKKVLGAFSDGLAHLDNLKGTFATLSELHCDKLHVDPENFRLLGNVLVCVLAHHFGKEFTPPVQAAYQKVVAGVANALAHKY
34,1gpk,c1(=O)[nH]c2c(cc1)[C@]1(/C(=C/C)/[C@@H](C2)C=C(C1)C)[NH4],SELLVNTKSGKVMGTRVPVLSSHISAFLGIPFAEPPVGAMRFRRPEPKKPWSGVWNASTYPNNCQQYVDEQFPGFSGSEMWNPNREMSEDCLYLNIWVPSPRPKSTTVMVWIYGGGFYSGSSTLDVYNGKYLAYTEEVVLVSLSYRVGAFGFLALHGSQEAPGNVGLLDQRMALQWVHDNIQFFGGDPKTVTIFGESAGGASVGMHILSPGSRDLFRRAILQSGSPNCPWASVSVAEGRRRAVELGRNLNCNLASDEELIHCLREKKPQELIDVEWNVLPFDSIFRFSFVPVIDGEFFPTSLESMLNSGNFKKTQILLGVNKDEGSFFLLYGAPGFSKDSESKISREDFMSGVKLSVPHANDLGLDAVTLQYTDWMDDNNGIKNRDGLDDIVGDHNVICPLMHFVNKYTKFGNGTYLYFFNHRASNLVWPEWMGVIHGYEIEFVFGLPLVKELNYTAEEEALSRRIMHYWATFAKTGNPNEPESKWPLFTTKEQKFIDLNTEPMKVHQRLRVQMCVFWNQFLPKLLNAT
35,1t46,c1cc(cnc1)c1ccnc(n1)Nc1c(ccc(c1)NC(=O)c1ccc(cc1)CN1CC[NH2](C)CC1)C,GNNYVYIDPTQLPYDHKWEFPRNRLSFGKTLGAGAFGKVVEATAYGLIKSDAAMTVAVKMLKPSAHLTEREALMSELKVLSYLGNHMNIVNLLGACTIGGPTLVITEYCCYGDLLNFLRRKRDSFLALDLEDLLSFSYQVAKGMAFLASKNCIHRDLAARNILLTHGRITKICDFGLARDIKNDSNYVVKGNARLPVKWMAPESIFNCVYTFESDVWSYGIFLWELFSLGSSPYPGMPVDSKFYKMIKEGFRMLSPEHAPAEMYDIMKTCWDADPLKRPTFKQIVQLIEKQISESTN
36,1tt1,[NH3]1C[C@@H]([C@@H]([C@H]1C(=O)O)CC(=O)O)C(=C)C,NRSLIVTTILEEPYVLFKKSDKPLYGNDRFEGYCIDLLRELSTILGFTYEIRLVEDGKYGAQDDVNGQWNGMVRELIDHKADLAVAPLAITYVREKVIDFSKPFMTLGISILYRKGTPIDSADDLAKQTKIEYGAVEDGATMTFFKKSKISTYDKMWAFMSSRRQSVLVKSNEEGIQRVLTSDYAFLMESTTIEFVTQRNCNLTQIGGLIDSKGYGVGTPMGSPYRDKITIAILQLQEEGKLHMMKEKWWRNRSLIVTTILEEPYVLFKKSDKPLYGNDRFEGYCIDLLRELSTILGFTYEIRLVEDGKYGAQDDVNGQWNGMVRELIDHKADLAVAPLAITYVREKVIDFSKPFMTLGISILYRKGTPIDSADDLAKQTKIEYGAVEDGATMTFFKKSKISTYDKMWAFMSSRRQSVLVKSNEEGIQRVLTSDYAFLMESTTIEFVTQRNCNLTQIGGLIDSKGYGVGTPMGSPYRDKITIAILQLQEEGKLHMMKEKWWR
37,1p2y,n1cc(ccc1)[C@H]1[NH2](CCC1)C,NLAPLPPHVPEHLVFDFDMYNPSNLSAGVQEAWAVLQESNVPDLVWTRCNGGHWIATRGQLIREAYEDYRHFSSECPFIPREAGEAYDFIPTSMDPPEQRQFRALANQVVGMPVVDKLENRIQELACSLIESLRPQGQCNFTEDYAEPFPIRIFMLLAGLPEEDIPHLKYLTDQMTRPDGSMTFAEAKEALYDYLIPIIEQRRQKPGTDAISIVANGQVNGRPITSDEAKRMCGLLLVGGLDTVVNFLSFSMEFLAKSPEHRQELIERPERIPAACEELLRRFSLVADGRILTSDYEFHGVQLKKGDQILLPQMLSGLDERENACPMHVDFSRQKVSHTTFGHGSHLCLGQHLARREIIVTLKEWLTRIPDFSIAPGAQIQHKSGIVSGVQALPLVWDPATTKAVHH
38,1mzc,[C@@]1(c2cc(Oc3c(ccc(c3)[C@](c3n(cnc3)C)(C)[NH4])C#N)ccc2)(C(=O)N(CCCC1)C)CC,FVSLDSPSYVLYRDRAEWADIDPVPQNDGPNPVVQIIYSDKFRDVYDYFRAVLQRDERSERAFKLTRDAIELNAANYTVWHFRRVLLKSLQKDLHEEMNYITAIIEEQPKNYQVWHHRRVLVEWLRDPSQELEFIADILNQDAKNYHAWQHRQWVIQEFKLWDNELQYVDQLLKEDVRNNSVWNQRYFVISNTTGYNDRAVLEREVQYTLEMIKLVPHNESAWNYLKGILQDRGLSKYPNLLNQLLDLQPSHSSPYLIAFLVDIYEDMLENQCDNKEDILNKALELCEILAKEKDTIRKEYWRYIGRSLQSKHPVWSEPLYSLRPEHARERLQDDSVETVTSIEQAKVEEKIQEVFSSYKFNHLVPRLVLQREKHFHYLKRGLRQLTDAYECLDASRPWLCYWILHSLELLDEPIPQIVATDVCQFLELCQSPEGGFGGGPGQYPHLAPTYAAVNALCIIGTEEAYDIINREKLLQYLYSLKQPDGSFLMHVGGEVDVRSAYCAASVASLTNIITPDLFEGTAEWIARCQNWEGGIGGVPGMEAHGGYTFCGLAALVILKRERSLNLKSLLQWVTSRQMRFEGGFQGRCNKLVDGCYSFWQAGLLPLLHRALHAQGDPALSMSHWMFHQQALQEYILMCCQCPAGGLLDKPGKSRDFYHTCYCLSGLSIAQHFGSGAMLHDVVLGVPENALQPTHPVYNIGPDKVIQATTYFLQKPVPGF
39,1oyt,O=C1N(Cc2ccc(F)cc2)C(=O)[C@H]2[C@H]3[N@](CCC3)[C@@H](c3ccc(cc3)C(=[NH3])N)[C@@H]12,ADCGLRPLFEKKSLEDKTERELLESYIIVEGSDAEIGMSPWQVMLFRKSPQELLCGASLISDRWVLTAAHCLLYPPWDKNFTENDLLVRIGKHSRTRYERNIEKISMLEKIYIHPRYNWRENLDRDIALMKLKKPVAFSDYIHPVCLPDRETAASLLQAGYKGRVTGWGNLKETGQPSVLQVVNLPIVERPVCKDSTRIRITDNMFCAGYKPDEGKRGDACEGDSGGPFVMKSPFNNRWYQMGIVSWGEGCDRDGKYGFYTHVFRLKKWIQKVIDQFFEEIP
40,1ygc,Oc1cc(N[C@@H](C(=O)NS(=O)(=O)c2cccc(N)c2)c2c(F)c(OCC)cc(OCC)c2)ccc1C(=[NH3])N,IVGGKVCPKGECPWQVLLLVNGAQLCGGTLINTIWVVSAAHCFDKIKNWRNLIAVLGEHDLSEHDGDEQSRRVAQVIIPSTYVPGTTNHDIALLRLHQPVVLTDHVVPLCLPERTFSERTLAFVRFSLVSGWGQLLDRGATALELMVLNVPRLMTQDCLQQSRKVGDSPNITEYMFCAGYSDGSKDSCKGDSGGPHATHYRGTWYLTGIVSWGQGCATVGHFGVYTRVSQYIEWLQKLMRSEPRPGVLLRAPFPICVNENGGCEQYCSDHTGTKRSCRCHEGYSLLADGVSCTPTVEYPCGKIPILE
41,1k3u,O=C(O)C[C@@H](C(=O)O)NC(=O)Cc1c[nH]c2c1cccc2,MERYENLFAQLNDRREGAFVPFVTLGDPGIEQSLKIIDTLIDAGADALELGVPFSDPLADGPTIQNANLRAFAAGVTPAQCFEMLALIREKHPTIPIGLLMYANLVFNNGIDAFYARCEQVGVDSVLVADVPVEESAPFRQAALRHNIAPIFICPPNADDDLLRQVASYGRGYTYLLSRSGVTGAENAGALPLHHLIEKLKEYHAAPALQGFGISSPEQVSAAVRAGAAGAISGSAIVKIIEKNLASPKQMLAELRSFVSAMKAASRATTLLNPYFGEFGGMYVPQILMPALNQLEEAFVSAQKDPEFQAQFADLLKNYAGRPTALTKCQNITAGTRTTLYLKREDLLHGGAHKTNQVLGQALLAKRMGKSEIIAETGAGQHGVASALASALLGLKCRIYMGAKDVERQSPNVFRMRLMGAEVIPVHSGSATLKDACNEALRDWSGSYETAHYMLGTAAGPHPYPTIVREFQRMIGEETKAQILDKEGRLPDAVIACVGGGSNAIGMFADFINDTSVGLIGVEPGGHGIETGEHGAPLKHGRVGIYFGMKAPMMQTADGQIEESYSISAGLDFPSVGPQHAYLNSIGRADYVSITDDEALEAFKTLCRHEGIIPALESSHALAHALKMMREQPEKEQLLVVNLSGRGDKDIFTVHDILKARG
42,1uou,Clc1c(CN2CCCC2=[NH3])[nH]c(=O)[nH]c1=O,PKQLPELIRMKRDGGRLSEADIRGFVAAVVNGSAQGAQIGAMLMAIRLRGMDLEETSVLTQALAQSGQQLEWPEAWRQQLVDKHSTGGVGDKVSLVLAPALAACGCKVPMISGRGLGHTGGTLDKLESIPGFNVIQSPEQMQVLLDQAGCCIVGQSEQLVPADGILYAARDVTATVDSLPLITASILSKKLVEGLSALVVDVKFGAVFPNQEQARELAKTLVGVGASLGLRVAAALTAMDKPLGRCVGHALEVEEALLCMDGAGPPDLRDLVTTLGGALLWLSGHAGTQAQGAARVAAALDDGSALGRFERMLAAQGVDPGLARALCSGSPAERRQLLPRAREQEELLAPADGTVELVRALPLALVLHELGALRLGVGAELLVDVGQRLRRGTPWLRVHRDGPALSGPQSRALQEALVLSDRAPFAAPLPFAELVLPP
43,1r9o,c1cc(ccc1)c1ccc(cc1F)[C@H](C)C(=O)O,RGKLPPGPTPLPLQIGIKDISKSLTNLSKVYGPVFTLYFGLKPIVVLHGYEAVKEALIDLGEEFSGRGIFPLAERANRGFGIVFSNGKKWKEIRRFSLMTLRNFGMGKRSIEDRVQEEARCLVEELRKTKASPCDPTFILGCAPCNVICSIIFHKRFDYKDQQFLNLMEKLNENIKILSSPWIPIIDYFPGTHNKLLKNVAFMKSYILEKVKEHQESMDMNNPQDFIDCFLMKMEKEKHNQPSEFTIESLENTAVDLFGAGTETTSTTLRYALLLLLKHPEVTAKVQEEIERVIGRNRSPCMQDRSHMPYTDAVVHEVQRYIDLLPTSLPHAVTCDIKFRNYLIPKGTTILISLTSVLHDNKEFPNPEMFDPHHFLDEGGNFKKSKYFMPFSAGKRICVGEALAGMELFLFLTSILQNFNLKSLVDPKNLDTTPVVNGFASVPPFYQLCFIPIHH
44,1owe,[NH3]=C(N)c1ccc2cc(ccc2c1)C(=O)Nc1ccccc1,IIGGEFTTIENQPWFAAIYRRHRGGSVTYVCGGSLMSPCWVISATHCFIDYPKKEDYIVYLGRSRLNSNTQGEMKFEVENLILHKDYSADTLAHHNDIALLKIRSKEGRCAQPSRTIQTICLPSMYNDPQFGTSCEITGFGKEQSTDYLYPEQLKMTVVKLISHRECQQPHYYGSEVTTKMLCAADPQWKTDSCQGDSGGPLVCSLQGRMTLTGIVSWGRGCALKDKPGVYTRVSHFLPWIRSHT
45,1z95,c1cc(F)ccc1S(=O)(=O)C[C@@](O)(C)C(=O)Nc1cc(c(cc1)C#N)C(F)(F)F,IFLNVLEAIEPGVVCAGHDNNQPDSFAALLSSLNELGERQLVHVVKWAKALPGFRNLHVDDQMAVIQYSLMGLMVFAMGWRSFTNVNSRMLYFAPDLVFNEYRMHKSRMYSQCVRMRHLSQEFGWLQITPQEFLCMKALLLFSIIPVDGLKNQKFFDELRMNYIKELDRIIASRRFYQLTKLLDSVQPIARELHQFTFDLLIKSHMVSVDFPEMMAEIISVQVPKILSGKVKPIYF
46,1hnn,c1cc(cc2c1CC[NH3]C2)S(=O)(=O)N,AVASAYQRFEPRAYLRNNYAPPRGDLCNPNGVGPWKLRCLAQTFATGEVSGRTLIDIGSGPTVYQLLSACSHFEDITMTDFLEVNRQELGRWLQEEPGAFNWSMYSQHACLIEGKGECWQDKERQLRARVKRVLPIDVHQPQPLGAGSPAPLPADALVSAFCLEAVSPDLASFQRALDHITTLLRPGGHLLLIGALEESWYLAGEARLTVVPVSEEEVREALVRSGYKVRDLRTYIMPAHLQTGVDDVKGVFFAWAQKVGLPDSAPGQAAVASAYQRFEPRAYLRNNYAPPRGDLCNPNGVGPWKLRCLAQTFATGEVSGRTLIDIGSGPTVYQLLSACSHFEDITMTDFLEVNRQELGRWLQEEPGAFNWSMYSQHACLIEGKGECWQDKERQLRARVKRVLPIDVHQPQPLGAGSPAPLPADALVSAFCLEAVSPDLASFQRALDHITTLLRPGGHLLLIGALEESWYLAGEARLTVVPVSEEEVREALVRSGYKVRDLRTYIMPAHLQTGVDDVKGVFFAWAQKV
47,1sj0,[C@H]1([C@@H](Oc2ccc(O)cc2S1)c1ccc(cc1)OCC[NH2]1CCCCC1)c1ccc(O)cc1,ALSLTADQMVSALLDAEPPILYSEYDPTRPFSEASMMGLLTNLADRELVHMINWAKRVPGFVDLTLHDQVHLLECAWLEILMIGLVWRSMEHPGKLLFAPNLLLDRNQGKCVEGMVEIFDMLLATSSRFRMMNLQGEEFVCLKSIILLNSGVYTFLSSTLKSLEEKDHIHRVLDKITDTLIHLMAKAGLTLQQQHQRLAQLLLILSHIRHMSNKGMEHLYSMKCVVPLYDLLLEMLDAHRLHA
48,1r55,N(C(=O)[C@@H]([C@@H](C(=O)NO)O)CC(C)C)[C@@H](C(C)(C)C)C(=O)NC,TRKYLELYIVADHTLFLTRHRNLQHTKQRLLEVANYVDQLLRTLDIQVALTGLEVWTERDRSRVTQDANATLWAFLQWRRGLWAQRPHDSAQLLTGRAFQGATVGLAPVEGMCRAESSGGVSTDHSELPIGAAATMAHEIGHSLGLSHDPDGCCVEAAAESGGCVMAAATGHPFPRVFSACSRRQLRAFFRKGGGACLSNAPS
49,1t9b,COc1nc(C)nc(N/C(=N/S(=O)(=O)c2ccccc2Cl)/O)n1,MDTSFVGLTGGQIFNEMMSRQNVDTVFGYPGGAILPVYDAIHNSDKFNFVLPKHEQGAGHMAEGYARASGKPGVVLVTSGPGATNVVTPMADAFADGIPMVVFTGQVPTSAIGTDAFQEADVVGISRSCTKWNVMVKSVEELPLRINEAFEIATSGRPGPVLVDLPKDVTAAILRNPIPFVMQSINKAADLINLAKKPVLYVGAGILNHADGPRLLKELSDRAQIPVTTTLQGLGSFDQEDPKSLDMLGMHGCATANLAVQNADLIIAVGARFDDRVTGNISKFAPEARRAAAEGRGGIIHFEVSPKNINKVVQTQIAVEGDATTNLGKMMSKIFPVKERSEWFAQINKWKKEYPYAYMEETPGSKIKPQTVIKKLSKVANDTGRHVIVTTGVGQHQMWAAQHWTWRNPHTFITSGGLGTMGYGLPAAIGAQVAKPESLVIDIDGDASFNMTLTELSSAVQAGTPVKILILNNEEQGMVTQWQSLFYEHRYSHTHQLNPDFIKLAEAMGLKGLRVKKQEELDAKLKEFVSTKGPVLLEVEVDKKVPVLPMVAGGSGLDEFINFDPEVERQQTELRHKRTGGKMDTSFVGLTGGQIFNEMMSRQNVDTVFGYPGGAILPVYDAIHNSDKFNFVLPKHEQGAGHMAEGYARASGKPGVVLVTSGPGATNVVTPMADAFADGIPMVVFTGQVPTSAIGTDAFQEADVVGISRSCTKWNVMVKSVEELPLRINEAFEIATSGRPGPVLVDLPKDVTAAILRNPIPTKTTLPSRAQDEFVMQSINKAADLINLAKKPVLYVGAGILNHADGPRLLKELSDRAQIPVTTTLQGLGSFDQEDPKSLDMLGMHGCATANLAVQNADLIIAVGARFDDRVTGNISKFAPEARRAAAEGRGGIIHFEVSPKNINKVVQTQIAVEGDATTNLGKMMSKIFPVKERSEWFAQINKWKKEYPYAYMEETPGSKIKPQTVIKKLSKVANDTGRHVIVTTGVGQHQMWAAQHWTWRNPHTFITSGGLGTMGYGLPAAIGAQVAKPESLVIDIDGDASFNMTLTELSSAVQAGTPVKILILNNEEQGMVTQWQSLFYEHRYSHTHQLNPDFIKLAEAMGLKGLRVKKQEELDAKLKEFVSTKGPVLLEVEVDKKVPVLPMVAGGSGLDEFINFDPEVERQQTELRHKRTGGKDD
50,1u1c,OCCOCn1c(=O)[nH]c(=O)c(c1)Cc1ccccc1,MSKSDVFHLGLTKNDLQGATLAIVPGDPDRVEKIAALMDKPVKLASHREFTTWRAELDGKPVIVCSTGIGGPSTSIAVEELAQLGIRTFLRIGTTGAIQPHINVGDVLVTTASVRLDGASLHFAPLEFPAVADFECTTALVEAAKSIGATTHVGVTASSDTFYPGQERYDTYSGRVVRHFKGSMEEWQAMGVMNYEMESATLLTMCASQGLRAGMVAGVIVNRTQQEIPNAETMKQTESHAVKIVVEAARRLLKSDVFHLGLTKNDLQGATLAIVPGDPDRVEKIAALMDKPVKLASHREFTTWRAELDGKPVIVCSTGIGGPSTSIAVEELAQLGIRTFLRIGTTGAIQPHINVGDVLVTTASVRLDGASLHFAPLEFPAVADFECTTALVEAAKSIGATTHVGVTASSDTFYPGQERYDTYSGRVVRHFKGSMEEWQAMGVMNYEMESATLLTMCASQGLRAGMVAGVIVNRTQQEIPNAETMKQTESHAVKIVVEAARRLLSDVFHLGLTKNDLQGATLAIVPGDPDRVEKIAALMDKPVKLASHREFTTWRAELDGKPVIVCSTGIGGPSTSIAVEELAQLGIRTFLRIGTTGAIQPHINVGDVLVTTASVRLDGASLHFAPLEFPAVADFECTTALVEAAKSIGATTHVGVTASSDTFYPGQERYDTYSGRVVRHFKGSMEEWQAMGVMNYEMESATLLTMCASQGLRAGMVAGVIVNRTQQEIPNAETMKQTESHAVKIVVEAARRLLSDVFHLGLTKNDLQGATLAIVPGDPDRVEKIAALMDKPVKLASHREFTTWRAELDGKPVIVCSTGIGGPSTSIAVEELAQLGIRTFLRIGTTGAIQPHINVGDVLVTTASVRLDGASLHFAPLEFPAVADFECTTALVEAAKSIGATTHVGVTASSDTFYPGQERYDTYSGRVVRHFKGSMEEWQAMGVMNYEMESATLLTMCASQGLRAGMVAGVIVNRTQMKQTESHAVKIVVEAARRLLKSDVFHLGLTKNDLQGATLAIVPGDPDRVEKIAALMDKPVKLASHREFTTWRAELDGKPVIVCSTGIGGPSTSIAVEELAQLGIRTFLRIGTTGAIQPHINVGDVLVTTASVRLDGASLHFAPLEFPAVADFECTTALVEAAKSIGATTHVGVTASSDTFYPGQERYDTYSGRVVRHFKGSMEEWQAMGVMNYEMESATLLTMCASQGLRAGMVAGVIVNRTQQEIPNAETMKQTESHAVKIVVEAARRLLSDVFHLGLTKNDLQGATLAIVPGDPDRVEKIAALMDKPVKLASHREFTTWRAELDGKPVIVCSTGIGGPSTSIAVEELAQLGIRTFLRIGTTGAIQPHINVGDVLVTTASVRLDGASLHFAPLEFPAVADFECTTALVEAAKSIGATTHVGVTASSDTFYPGQERYDTYSGRVVRHFKGSMEEWQAMGVMNYEMESATLLTMCASQGLRAGMVAGVIVNRTQQEIPNAETMKQTESHAVKIVVEAARRLL
51,1ke5,N1C(=O)/C(=C\Nc2ccc(cc2)S(=O)(=O)NC)/c2ccccc12,MENFQKVEKIGEGTYGVVYKARNKLTGEVVALKKIRVPSTAIREISLLKELNHPNIVKLLDVIHTENKLYLVFEFLHQDLKKFMDASALTGIPLPLIKSYLFQLLQGLAFCHSHRVLHRDLKPQNLLINTEGAIKLADFGLARAFVVTLWYRAPEILLGCKYYSTAVDIWSLGCIFAEMVTRRALFPGDSEIDQLFRIFRTLGTPDEVVWPGVTSMPDYKPSFPKWARQDFSKVVPPLDEDGRSLLSQMLHYDPNKRISAKAALAHPFFQDVTKPVPHLRL
52,1q41,c12/C(=N\O)/C(=C\3/C(=O)Nc4c3cccc4)/Nc1cccc2,SKVTTVVATPGQGPDRPQEVSYTDTKVIGNGSFGVVYQAKLCDSGELVAIKKVLQDKRFKNRELQIMRKLDHCNIVRLRYFFYSSVYLNLVLDYVPETVYRVARHYSRAKQTLPVIYVKLYMYQLFRSLAYIHSFGICHRDIKPQNLLLDPDTAVLKLCDFGSAKQLVRGEPNVSYICSRYYRAPELIFGATDYTSSIDVWSAGCVLAELLLGQPIFPGDSGVDQLVEIIKVLGTPTREQIREMKFPQIKAHPWTKVFRPRTPPEAIALCSRLLEYTPTARLTPLEACAHSFFDELRDPNVKLPNGRDTPALFNFTTQELSSNPPLATILIPPHARIQASKVTTVVATPGQGPDRPQEVSYTDTKVIGNGSFGVVYQAKLCDSGELVAIKKVLQDKRFKNRELQIMRKLDHCNIVRLRYFFYSSVYLNLVLDYVPETVYRVARHYSRAKQTLPVIYVKLYMYQLFRSLAYIHSFGICHRDIKPQNLLLDPDTAVLKLCDFGSAKQLVRGEPNVSYICSRYYRAPELIFGATDYTSSIDVWSAGCVLAELLLGQPIFPGDSGVDQLVEIIKVLGTPTREQIREMNPNYTEFKFPQIKAHPWTKVFRPRTPPEAIALCSRLLEYTPTARLTPLEACAHSFFDELRDPNVKLPNGRDTPALFNFTTQELSSNPPLATILIPPHAR
53,1s19,O[C@H]1C[C@H](O)C(=C)/C(=C\C=C\2/CCC[C@]3([C@H]2CC[C@@H]3[C@@H](/C=C/[C@H](C2CC2)O)C)C)/C1,LRPKLSEEQQRIIAILLDAHHKTYDPTYSDFCQFRPPVRVNDGGGSVTLELSQLSMLPHLADLVSYSIQKVIGFAKMIPGFRDLTSEDQIVLLKSSAIEVIMLRSNESFTMDDMSWTCGNQDYKYRVSDVTKAGHSLELIEPLIKFQVGLKKLNLHEEEHVLLMAICIVSPDRPGVQDAALIEAIQDRLSNTLQTYIRCRHPPPGSHLLYAKMIQKLADLRSLNEEHSKQYRCLSFQPECSMKLTPLVLEVFG
54,1w2g,OC[C@H]1O[C@H](C[C@@H]1O)n1c(=O)[nH]c(=O)c(C)c1,MLIAIEGVDGAGKRTLVEKLSGAFRAAGRSVATLAFPRYGQSVAADIAAEALHGEHGDLASSVYAMATLFALDRAGAVHTIQGLCRGYDVVILDRYVASNAAYSAARLHENAAGKAAAWVQRIEFARLGLPKPDWQVLLAVSAELAGERRDNYERDAELQQRTGAVYAELAAQGWGGRWLVVGADVDPGRLAATLAPMLIAIEGVDGAGKRTLVEKLSGAFRAAGRSVATLAFPRYGQSVAADIAAEALHGEHGDLASSVYAMATLFALDRAGAVHTIQGLCRGYDVVILDRYVASNAAYSAARLHENAAGKAAAWVQRIEFARLGLPKPDWQVLLAVSAELAGERSRGRAQRARDNYERDAELQQRTGAVYAELAAQGWGGRWLVVGADVDPGRLAATLAP
55,1pmn,n1(c(nc(c1c1ccnc(n1)NC1CC1)c1cc(c(cc1)Cl)Cl)C1CC[NH2](CC1)C)CCC,NQFYSVEVGDSTFTVLKRYQNLKPIGSGAQGIVCAAYDAVLDRNVAIKKLSRPFQNQTHAKRAYRELVLMKCVNHKNIISLLNVFTPQKTLEEFQDVYLVMELMDANLCQVIQMELDHERMSYLLYQMLCGIKHLHSAGIIHRDLKPSNIVVKSDCTLKILDFGLASFMMTPYVVTRYYRAPEVILGMGYKENVDIWSVGCIMGEMVRHKILFPGRDYIDQWNKVIEQLGTPCPEFMKKLQPTVRNYVENRPKYAGLTFPKLFPDSLFPADSEHNKLKASQARDLLSKMLVIDPAKRISVDDALQHPYINVWYDPAEVEAPQLDEREHTIEEWKELIYKEVMN
56,1q4g,c1cc([C@@H](C(=O)O)C)ccc1c1ccccc1,PVNPCCYYPCQHQGICVRFGLDRYQCDCTRTGYSGPNCTIPEIWTWLRTTLRPSPSFIHFLLTHGRWLWDFVNATFIRDTLMRLVLTVRSNLIPSPPTYNIAHDYISWESFSNVSYYTRILPSVPRDCPTPMGTKGKKQLPDAEFLSRRFLLRRKFIPDPQGTNLMFAFFAQHFTHQFFKTSGKMGPGFTKALGHGVDLGHIYGDNLERQYQLRLFKDGKLKYQMLNGEVYPPSVEEAPVLMHYPRGIPPQSQMAVGQEVFGLLPGLMLYATIWLREHNRVCDLLKAEHPTWGDEQLFQTARLILIGETIKIVIEEYVQQLSGYFLQLKFDPELLFGAQFQYRNRIAMEFNQLYHWHPLMPDSFRVGPQDYSYEQFLFNTSMLVDYGVEALVDAFSRQPAGRIGGGRNIDHHILHVAVDVIKESRVLRLQPFNEYRKRFGMKPYTSFQELTGEKEMAAELEELYGDIDALEFYPGLLLEKCHPNSIFGESMIEMGAPFSLKGLLGNPICSPEYWKASTFGGEVGFNLVKTATLKKLVCLNTKTCPYVSFHVPDPVNPCCYYPCQHQGICVRFGLDRYQCDCTRTGYSGPNCTIPEIWTWLRTTLRPSPSFIHFLLTHGRWLWDFVNATFIRDTLMRLVLTVRSNLIPSPPTYNIAHDYISWESFSNVSYYTRILPSVPRDCPTPMGTKGKKQLPDAEFLSRRFLLRRKFIPDPQGTNLMFAFFAQHFTHQFFKTSGKMGPGFTKALGHGVDLGHIYGDNLERQYQLRLFKDGKLKYQMLNGEVYPPSVEEAPVLMHYPRGIPPQSQMAVGQEVFGLLPGLMLYATIWLREHNRVCDLLKAEHPTWGDEQLFQTARLILIGETIKIVIEEYVQQLSGYFLQLKFDPELLFGAQFQYRNRIAMEFNQLYHWHPLMPDSFRVGPQDYSYEQFLFNTSMLVDYGVEALVDAFSRQPAGRIGGGRNIDHHILHVAVDVIKESRVLRLQPFNEYRKRFGMKPYTSFQELTGEKEMAAELEELYGDIDALEFYPGLLLEKCHPNSIFGESMIEMGAPFSLKGLLGNPICSPEYWKASTFGGEVGFNLVKTATLKKLVCLNTKTCPYVSFHVPD
57,1sqn,O=C1CC[C@H]2C(=C1)CC[C@@H]1[C@@H]2CC[C@]2([C@H]1CC[C@@]2(O)C#C)C,QLIPPLINLLMSIEPDVIYAGHDNPDTSSSLLTSLNQLGERQLLSVVKWSKSLPGFRNLHIDDQITLIQYSWMSLMVFGLGWRSYKHVSGQMLYFAPDLILNEQRMKESSFYSLCLTMWQIPQEFVKLQVSQEEFLCMKVLLLLNTIPLEGLRSQTQFEEMRSSYIRELIKAIGLRQGVVSSSQRFYQLTKLLDNLHDLVKQLHLYCLNTFIQSRALSVEFPEMMSEVIAAQLPKILAGMVKPLLFHKLIPPLINLLMSIEPDVIYAGHDNTKPDTSSSLLTSLNQLGERQLLSVVKWSKSLPGFRNLHIDDQITLIQYSWMSLMVFGLGWRSYKHVSGQMLYFAPDLILNEQRMKESSFYSLCLTMWQIPQEFVKLQVSQEEFLCMKVLLLLNTIPLEGLRSQTQFEEMRSSYIRELIKAIGLRQGVVSSSQRFYQLTKLLDNLHDLVKQLHLYCLNTFIQSRALSVEFPEMMSEVIAAQLPKILAGMVKPLLFHKK
58,1meh,C1(=O)c2c(CO1)c(C)c(c(c2O)C/C=C(/CCC(=O)O)\C)OC,AKYYNEPCHTFNEYLLIPGLSTVDCIPSNVNLSTPLVKFQKGQQSEINLKIPLVSAIMQSVSGEKMAIALAREGGISFIFGSQSIESQAAMVHAVKNFKAGFVVSHNELVDSQKRYLVGAGINTRDFRERVPALVEAGADVLCIDSSDGFSEWQKITIGWIREKYGDKVKVGAGNIVDGEGFRYLADAGADFIKIGIGGGSIITREQKGIGRGQATAVIDVVAERNKYFEETGIYIPVCSDGGIVYDYHMTLALAMGADFIMLGRYFARFEESPTRKVTINGSVMKEYWGEGSSRARNWEEGVDSYVPYAGKLKDNVEASLNKVKSTMCNCGALTIPQLQSKAKITLVSSVSI
59,1xoz,c1ccc2c3c([nH]c2c1)[C@H](N1C(=O)CN(C(=O)[C@H]1C3)C)c1ccc2OCOc2c1,QEETRELQSLAAAVVPSAQTLKITDFSFSDFELSDLETALCTIRMFTDLNLVQNFQMKHEVLCRWILSVKKNYRKNVAYHNWRHAFNTAQCMFAALKAGKIQNKLTDLEILALLIAALSHDLDHPGVSNQFLINTNSELALMYNDESVLEHHHFDQCLMILNSPGNQILSGLSIEEYKTTLKIIKQAILATDLALYIKRRGEFFELIRKNQFNLEDPHQKELFLAMLMTACDLSAITKPWPIQQRIAELVATEFFDQGDRERKELNIEPTDLMNREKKNKIPSMQVGFIDAICLQLYEALTHVSEDCFPLLDGCRKNRQKWQALAE
60,1mmv,[NH4][C@H](C(=O)O)CCCNC(=[NH3])NCCC,RFLKVKNWETDVVLTDTLHLKSTLETGCTEHICMGSIMLPTKDQLFPLAKEFLDQYYSSIKRFGSKAHMDRLEEVNKEIESTSTYQLKDTELIYGAKHAWRNASRCVGRIQWSKLQVFDARDCTTAHGMFNYICNHVKYATNKGNLRSAITIFPQRTDGKHDFRVWNSQLIRYAGYKQPDGSTLGDPANVQFTEICIQQGWKAPRGRFDVLPLLLQANGNDPELFQIPPELVLEVPIRHPKFDWFKDLGLKWYGLPAVSNMLLEIGGLEFSACPFSGWYMGTEIGVRDYCDNSRYNILEEVAKKMDLDMRKTSSLWKDQALVEINIAVLYSFQSDKVTIVDHHSATESFIKHMENEYRCRGGCPADWVWIVPPMSGSITPVFHQEMLNYRLTPSFEYQPDPWNTHVWRFLKVKNWETDVVLTDTLHLKSTLETGCTEHICMGSIMLPRTKDQLFPLAKEFLDQYYSSIKRFGSKAHMDRLEEVNKEIESTSTYQLKDTELIYGAKHAWRNASRCVGRIQWSKLQVFDARDCTTAHGMFNYICNHVKYATNKGNLRSAITIFPQRTDGKHDFRVWNSQLIRYAGYKQPDGSTLGDPANVQFTEICIQQGWKAPRGRFDVLPLLLQANGNDPELFQIPPELVLEVPIRHPKFDWFKDLGLKWYGLPAVSNMLLEIGGLEFSACPFSGWYMGTEIGVRDYCDNSRYNILEEVAKKMDLDMRKTSSLWKDQALVEINIAVLYSFQSDKVTIVDHHSATESFIKHMENEYRCRGGCPADWVWIVPPMSGSITPVFHQEMLNYRLTPSFEYQPDPWNTHVWKR
61,1lrh,c12c(cccc1cccc2)CC(=O)O,SCVRDNSLVRDISQMPQSSYGIEGLSHITVAGALNHGMKEVEVWLQTISPGQRTPIHRHSCEEVFTVLKGKGTLLMGSSSLKYPGQPQEIPFFQNTTFSIPVNDPHQVWNSDEHEDLQVLVIISRPPAKIFLYDDWSMPHTAAVLKFPFVWDEDCFEAAKSCVRDNSLVRDISQMPQSSYGIEGLSHITVAGALNHGMKEVEVWLQTISPGQRTPIHRHSCEEVFTVLKGKGTLLMGSSSLKYPGQPQEIPFFQNTTFSIPVNDPHQVWNSDEHEDLQVLVIISRPPAKIFLYDDWSMPHTAAVLKFPFVWDEDCFEAAKSCVRDNSLVRDISQMPQSSYGIEGLSHITVAGALNHGMKEVEVWLQTISPGQRTPIHRHSCEEVFTVLKGKGTLLMGSSSLKYPGQPQEIPFFQNTTFSIPVNDPHQVWNSDEHEDLQVLVIISRPPAKIFLYDDWSMPHTAAVLKFPFVWDEDCFEAAKSCVRDNSLVRDISQMPQSSYGIEGLSHITVAGALNHGMKEVEVWLQTISPGQRTPIHRHSCEEVFTVLKGKGTLLMGSSSLKYPGQPQEIPFFQNTTFSIPVNDPHQVWNSDEHEDLQVLVIISRPPAKIFLYDDWSMPHTAAVLKFPFVWDEDCFEAAK
62,1n1m,C1CN(CC1)C(=O)[C@H](C(C)C)[NH4],SRKTYTLTDYLKNTYRLKLYSLRWISDHEYLYKQENNILVFNAEYGNSSVFLENSTFDEFGHSINDYSISPDGQFILLEYNYVKQWRHSYTASYDIYDLNKRQLITEERIPNNTQWVTWSPVGHKLAYVWNNDIYVKIEPNLPSYRITWTGKEDIIYNGITDWVYEEEVFSAYSALWWSPNGTFLAYAQFNDTEVPLIEYSFYSDESLQYPKTVRVPYPKAGAVNPTVKFFVVNTDSLSSVTNATSIQITAPASMLIGDHYLCDVTWATQERISLQWLRRIQNYSVMDICDYDESSGRWNCLVARQHIEMSTTGWVGRFRPSEPHFTLDGNSFYKIISNEEGYRHICYFQIDKKDCTFITKGTWEVIGIEALTSDYLYYISNEYKGMPGGRNLYKIQLSDYTKVTCLSCELNPERCQYYSVSFSKEAKYYQLRCSGPGLPLYTLHSSVNDKGLRVLEDNSALDKMLQNVQMPSKKLDFIILNETKFWYQMILPPHFDKSKKYPLLLDVYAGPCSQKADTVFRLNWATYLASTENIIVASFDGRGSGYQGDKIMHAINRRLGTFEVEDQIEAARQFSKMGFVDNKRIAIWGWSYGGYVTSMVLGSGSGVFKCGIAVAPVSRWEYYDSVYTERYMGLPTPEDNLDHYRNSTVMSRAENFKQVEYLLIHGTADDNVHFQQSAQISKALVDVGVDFQAMWYTDEDHGIASSTAHQHIYTHMSHFIKQCFSSRKTYTLTDYLKNTYRLKLYSLRWISDHEYLYKQENNILVFNAEYGNSSVFLENSTFDEFGHSINDYSISPDGQFILLEYNYVKQWRHSYTASYDIYDLNKRQLITEERIPNNTQWVTWSPVGHKLAYVWNNDIYVKIEPNLPSYRITWTGKEDIIYNGITDWVYEEEVFSAYSALWWSPNGTFLAYAQFNDTEVPLIEYSFYSDESLQYPKTVRVPYPKAGAVNPTVKFFVVNTDSLSSVTNATSIQITAPASMLIGDHYLCDVTWATQERISLQWLRRIQNYSVMDICDYDESSGRWNCLVARQHIEMSTTGWVGRFRPSEPHFTLDGNSFYKIISNEEGYRHICYFQIDKKDCTFITKGTWEVIGIEALTSDYLYYISNEYKGMPGGRNLYKIQLSDYTKVTCLSCELNPERCQYYSVSFSKEAKYYQLRCSGPGLPLYTLHSSVNDKGLRVLEDNSALDKMLQNVQMPSKKLDFIILNETKFWYQMILPPHFDKSKKYPLLLDVYAGPCSQKADTVFRLNWATYLASTENIIVASFDGRGSGYQGDKIMHAINRRLGTFEVEDQIEAARQFSKMGFVDNKRIAIWGWSYGGYVTSMVLGSGSGVFKCGIAVAPVSRWEYYDSVYTERYMGLPTPEDNLDHYRNSTVMSRAENFKQVEYLLIHGTADDNVHFQQSAQISKALVDVGVDFQAMWYTDEDHGIASSTAHQHIYTHMSHFIKQCFSLPD
63,1yvf,C(=C(\NC(=O)c1ccccc1)/C(=O)O)\c1ccc(cc1)Oc1c(cccc1)Br,MSMSYTWTGALITPCAAEESKLPINALSNSLLRHHNLVYSTTSRSASLRQKKVTFDRLQVLDDHYRDVLKEMKAKASTVKAKLLSVEEACKLTPPHSAKSKFGYGAKDVRSLSSRAVNHIRSVWKDLLEDTDTPIQTTIMAKNEVFCVQPEKGGRKPARLIVFPDLGVRVCEKMALYDVVSTLPQAVMGSSYGFQYSPKQRVEFLVNTWKAKKCPMGFSYDTRCFDSTVTENDIRVEESIYQCCDLAPEARQAIRSLTERLYVGGPMTNSKGQNCGYRRCRASGVLTTSCGNTLTCYLKAAAACRAAKLQDCTMLVNGDDLVVICESAGTQEDAASLRVFTEAMTRYSAPPGDPPQPEYDLELITSCSSNVSVAHDASGKRVYYLTRDPTVPLARAAWETARHTPVNSWLGNIIMYAPTLWARMILMTHFFSILLAQEQLEKALDCQIYGACYSIEPLDLPQIIERLHGLSAFSLHSYSPGEINRVASCLRKLGVPPLRVWRHRARSVRAKLLSQGGRAAICGKYLFNWAVRTKLKLTPIPAASRLLLSGWFVAGYSGGDIYHS
64,1l2s,N(c1ccc(cc1)Cl)S(=O)(=O)c1c(scc1)C(=O)O,APQQINDIVHRTITPLIEQQKIPGMAVAVIYQGKPYYFTWGYADIAKKQPVTQQTLFELGSVSKTFTGVLGGDAIARGEIKLSDPTTKYWPELTAKQWNGITLLHLATYTAGGLPLQVPDEVKSSSDLLRFYQNWQPAWAPGTQRLYANSSIGLFGALAVKPSGLSFEQAMQTRVFQPLKLNHTWINVPPAEEKNYAWGYREGKAVHVSPGALDAEAYGVKSTIEDMARWVQSNLKPLDINEKTLQQGIQLAQSRYWQTGDMYQGLGWEMLDWPVNPDSIINGSDNLAARPVKAITPPTPAVRASWVHKTGATGGFGSYVAFIPEKELGIVMLANKNYPNPARVDAAWQILNALQAPQQINDIVHRTITPLIEQQKIPGMAVAVIYQGKPYYFTWGYADIAKKQPVTQQTLFELGSVSKTFTGVLGGDAIARGEIKLSDPTTKYWPELTAKQWNGITLLHLATYTAGGLPLQVPDEVKSSSDLLRFYQNWQPAWAPGTQRLYANSSIGLFGALAVKPSGLSFEQAMQTRVFQPLKLNHTWINVPPAEEKNYAWGYREGKAVHVSPGALDAEAYGVKSTIEDMARWVQSNLKPLDINEKTLQQGIQLAQSRYWQTGDMYQGLGWEMLDWPVNPDSIINGSDNKIALAARPVKAITPPTPAVRASWVHKTGATGGFGSYVAFIPEKELGIVMLANKNYPNPARVDAAWQILNALQ
65,1ig3,Cc1nc(N)c(CN2=CSC(=C2C)CCO)cn1,HSSGLVPRGSHMEHAFTPLEPLLPTGNLKYCLVVLNQPLDARFRHLWKKALLRACADGGANHLYDLTEGERESFLPEFVSGDFDSIRPEVKEYYTKKGCDLISTPDQDHTDFTKCLQVLQRKIEEKELQVDVIVTLGGLGGRFDQIMASVNTLFQATHITPVPIIIIQKDSLIYLLQPGKHRLHVDTGMEGSWCGLIPVGQPCNQVTTTGLKWNLTNDVLGFGTLVSTSNTYDGSGLVTVETDHPLLWTMAIKSMEHAFTPLEPLLPTGNLKYCLVVLNQPLDARFRHLWKKALLRACADGGANHLYDLTEGERESFLPEFVSGDFDSIRPEVKEYYTKKGCDLISTPDQDHTDFTKCLQVLQRKIEEKELQVDVIVTLGGLGGRFDQIMASVNTLFQATHITPVPIIIIQKDSLIYLLQPGKHRLHVDTGMEGSWCGLIPVGQPCNQVTTTGLKWNLTNDVLGFGTLVSTSNTYDGSGLVTVETDHPLLWTMAIKS
66,1n46,O=c1[nH]c(=O)cnn1c1cc(C)c(c(c1)C)Oc1ccc(c(c1)C(C)C)O,KPEPTDEEWELIKTVTEAHVATNAQWKQKRKFLPEDIGQAPIVNAPEGGKVDLEAFSHFTKIITPAITRVVDFAKKLPMFCELPCEDQIILLKGCCMEIMSLRAAVRYDPESETLTLNGEMAVTRGQLKNGGLGVVSDAIFDLGMSLSSFNLDDTEVALLQAVLLMSSDRPGLACVERIEKYQDSFLLAFEHYINYRKHHVTHFWPKLLMKVTDLRMIGACHASRFLHMKVECPTELFPPLFLEVFEDKPEPTDEEWELIKTVTEAHVATNAQWKQKRKFLPEDIGQAKVDLEAFSHFTKIITPAITRVVDFAKKLPMFCELPCEDQIILLKGCCMEIMSLRAAVRYDPESETLTLNGEMAVTRGQLKNGGLGVVSDAIFDLGMSLSSFNLDDTEVALLQAVLLMSSDRPGLACVERIEKYQDSFLLAFEHYINYRKHHVTHFWPKLLMKVTDLRMIGACHASRFLHMKVECPTELFPPLFLEVFED
67,1vcj,c1c(c(cc(c1)C(=O)O)NC(CC)CC)N1[C@@](CCC1=O)(CO)C[NH4],PEWTYPRLSCQGSTFQKALLISPHRFGEIKGNSAPLIIREPFVACGPKECRHFALTHYAAQPGGYYNGTRKDRNKLRHLVSVKLGKIPTVENSIFHMAAWSGSACHDGREWTYIGVDGPDNDALVKIKYGEAYTDTYHSYAHNILRTQESACNCIGGDCYLMITDGSASGISKCRFLKIREGRIIKEILPTGRVEHTEECTCGFASNKTIECACRDNSYTAKRPFVKLNVETDTAEIRLMCTKTYLDTPRPDDGSIAGPCESNGDKWLGGIKGGFVHQRMASKIGRWYSRTMSKTNRMGMELYVRYDGDPWTDSDALTLSGVMVSIEEPGWYSFGFEIKDKKCDVPCIGIEMVHDGGKDTWHSAATAIYCLMGSGQLLWDTVTGVDMAL
68,1n2j,O=C(O)[C@H](O)C(C)(C)CO,IPAFHPGELNVYSAPGDVADVSRALRLTGRRVMLVPTMGALHEGHLALVRAAKRVPGSVVVVSIFVNPMQFGAGGDLDAYPRTPDDDLAQLRAEGVEIAFTPTTAAMYPDGLRTTVQPGPLAAELEGGPRPTHFAGVLTVVLKLLQIVRPDRVFFGEKDYQQLVLIRQLVADFNLDVAVVGVPTVREADGLAMSSRNRYLDPAQRAAAVALSAALTAAAHAATAGAQAALDAARAVLDAAPGVAVDYLELRDIGLGPMPLNGSGRLLVAARLGTTRLLDNIAIEIGTAIPAFHPGELNVYSAPGDVADVSRALRLTGRRVMLVPTMGALHEGHLALVRAAKRVPGSVVVVSIFVNPMQFGAGGDLDAYPRTPDDDLAQLRAEGVEIAFTPTTAAMYPDGLRTTVQPGPLAAELEGGPRPTHFAGVLTVVLKLLQIVRPDRVFFGEKDYQQLVLIRQLVADFNLDVAVVGVPTVREADGLAMSSRNRYLDPAQRAAAVALSAALTAAAHAATAGAQAALDAARAVLDAAPGVAVDYLELRDIGLGPMPLNGSGRLLVAARLGTTRLLDNIAIEIG
69,1ia1,c12=[NH2]C(=NC(=c1c(ccc2)Sc1ccccc1)N)N,MLKPNVAIIVAALKPALGIGYKGKMPWRLRKEIRYFKDVTTRTTKPNTRNAVIMGRKTWESIPQKFRPLPDRLNIILSRSYENEIIDDNIIHASSIESSLNLVSDVERVFIIGGAEIYNELINNSLVSHLLITEIEHPSPESIEMDTFLKFPLESWTKQPKSELQKFVGDTVLEDDIKEGDFTYNYTLWTRKMLKPNVAIIVAALKPALGIGYKGKMPWRLRKEIRYFKDVTTRTTKPNTRNAVIMGRKTWESIPQKFRPLPDRLNIILSRSYENEIIDDNIIHASSIESSLNLVSDVERVFIIGGAEIYNELINNSLVSHLLITEIEHPSPESIEMDTFLKFPLESWTKQPKSELQKFVGDTVLEDDIKEGDFTYNYTLWTRK
70,1s3v,C1(=[NH2]C2=C(C(=N1)N)C[C@@H](CC2)CN(c1cc(c(c(c1)OC)OC)OC)C)N,VGSLNCIVAVSQNMGIGKNGDLPWPPLRNEFRYFQRMTTTSSVEGKQNLVIMGKKTWFSIPEKNRPLKGRINLVLSRELKEPPQGAHFLSRSLDDALKLTEQPELANKVDMVWIVGGSSVYKEAMNHPGHLKLFVTRIMQDFESDTFFPEIDLEKYKLLPEYPGVLSDVQEEKGIKYKFEVYEKN
71,1tow,O=C(O)CCCn1c2ccccc2c2c1cccc2,DAFVGTWKLVSSENFDDYMKEVGVGFATRKVAGMAKPNMIISVNGDVITIKSESTFKNTEISFILGQEFDEVTADDRKVKSTITLDGGVLVHVQKWDGKSTTIKRKREDDKLVVECVMKGVTSTRVYERA
72,1n2v,[nH]1c(CCCC)nc2c(=O)[nH][nH]c(=O)c12,RPRFSFSIAAREGKARTGTIEMKRGVIRTPAFMPVGTAATVKALKPETVRATGADIILGNTYHLMLRPGAERIAKLGGLHSFMGWDRPILTDSGGYQVMSLSSLTKQSEEGVTFKSHLDGSRHMLSPERSIEIQHLLGSDIVMAFDECTPYPATPSRAASSMERSMRWAKRSRDAFDSRKEQAENAALFGIQQGSVFENLRQQSADALAEIGFDGYAVGGLAVGEGQDEMFRVLDFSVPMLPDDKPHYLMGVGKPDDIVGAVERGIDMFDCVLPTRSGRNGQAFTWDGPINIRNARFSEDLKPLDSECHCAVCQKWSRAYIHHLIRAGEILGAMLMTEHNIAFYQQLMQKIRDSISEGRFSQFAQDFRARYF
73,1hww,[C@H]1(O)[C@H]2[NH2](CCC1)C[C@@H](O)[C@H]2O,CQDVVQDVPNVDVQMLELYDRMSFKDIDGGVWKQGWNIKYDPLKYNAHHKLKVFVVPHSHNDPGWIQTFEEYYQHDTKHILSNALRHLHDNPEMKFIWAEISYFARFYHDLGENKKLQMKSIVKNGQLEFVTGGWVMPDEANSHWRNVLLQLTEGQTWLKQFMNVTPTASWAIDPFGHSPTMPYILQKSGFKNMLIQRTHYSVKKELAQQRQLEFLWRQIWDNKGDTALFTHMMPFYSYDIPHTCGPDPKVCCQFDFKRMGSFGLSCPWKVPPRTISDQNVAARSDLLVDQWKKKAELYRTNVLLIPLGDDFRFKQNTEWDVQRVNYERLFEHINSQAHFNVQAQFGTLQEYFDAVHQAERAGQAEFPTLSGDFFTYADRSDNYWSGYYTSRPYHKRMDRVLMHYVRAAEMLSAWHSWDGMARIEERLEQARRELSLFQHHDGITGTAKTHVVVDYEQRMQEALKACQMVMQQSVYRLLTKPSIYSPDFSFSYFTLDDSRWPGSGVEDSRTTIILGEDILPSKHVVMHNTLPHWREQLVDFYVSSPFVSVTDLANNPVEAQVSPVWSWHHDTLTKTIHPQGSTTKYRIIFKARVPPMGLATYVLTISDSKPEHTSYASNLLLRKNPTSLPLGQYPEDVKFGDPREISLRVGNGPTLAFSEQGLLKSIQLTQDSPHVPVHFKFLKYGVRSHGDRSGAYLFLPNGPASPVELGQPVVLVTKGKLESSVSVGLPSVVHQTIMRGGAPEIRNLVDIGSLDNTEIVMRLETHIDSGDIFYTDLNGLQFIKRRRLDKLPLQANYYPIPSGMFIEDANTRLTLLTGQPLGGSSLASGELEIMQDRRLASDDERGLGQGVLDNKPVLHIYRLVLEKVNNCVRPSKLHPAGYLTSAAHKASQSLLDPLDKFIFAENEWIGAQGQFGGDHPSAREDLDVSVMRRLTKSSAKTQRVGYVLHRTNLMQCGTPEEHTQKLDVCHLLPNVARCERTTLTFLQNLEHLDGMVAPEVCPMETAAYVSSHS
74,1x8x,[NH4][C@H](C(=O)O)Cc1ccc(cc1)O,MASSNLIKQLQERGLVAQVTDEEALAERLAQGPIALYCGFDPTADSLHLGHLVPLLCLKRFQQAGHKPVALVGGATGLIGDPSFKAAERKLNTEETVQEWVDKIRKQVAPFLDFDCGENSAIAANNYDWFGNMNVLTFLRDIGKHFSVNQMINKEAVKQRLNREDQGISFTEFSYNLLQGYDFACLNKQYGVVLQIGGSDQWGNITSGIDLTRRLHQNQVFGLTVPLITKADGTKFGKTEGGAVWLDPKKTSPYKFYQFWINTADADVYRFLKFFTFMSIEEINALEEEDKNSGKAPRAQYVLAEQVTRLVHGEEGLQAAKR
75,1opk,OCc1cccc(Nc2ncc3cc(c(=O)n(c3n2)C)c2c(Cl)cccc2Cl)c1,NLFVALYDFVASGDNTLSITKGEKLRVLGYNHNGEWCEAQTKNGQGWVPSNYITPVNSLEKHSWYHGPVSRNAAEYLLSSGINGSFLVRESESSPGQRSISLRYEGRVYHYRINTASDGKLYVSSESRFNTLAELVHHHSTVADGLITTLHYPAPKRNKPTIYGVSPNYDKWEMERTDITMKHKLGGGQYGEVYEGVWKKYSLTVAVKTLKEDTMEVEEFLKEAAVMKEIKHPNLVQLLGVCTREPPFYIITEFMTYGNLLDYLRECNRQEVSAVVLLYMATQISSAMEYLEKKNFIHRNLAARNCLVGENHLVKVADFGLSRLMTGDTYTAHAGAKFPIKWTAPESLAYNKFSIKSDVWAFGVLLWEIATYGMSPYPGIDLSQVYELLEKDYRMERPEGCPEKVYELMRACWQWNPSDRPSFAEIHQAFETMFQESSISDEVEKELGK
76,1unl,OC[C@@H](CC)Nc1nc2n(C(C)C)cnc2c(n1)NCc1ccccc1,MQKYEKLEKIGEGTYGTVFKAKNRETHEIVALKRVRLDDDDEGVPSSALREICLLKELKHKNIVRLHDVLHSDKKLTLVFEFCDQDLKKYFDSCNGDLDPEIVKSFLFQLLKGLGFCHSRNVLHRDLKPQNLLINRNGELKLANFGLARAFGIPVRCYSAEVVTLWYRPPDVLFGAKLYSTSIDMWSAGCIFAELANAGRPLFPGNDVDDQLKRIFRLLGTPTEEQWPSMTKLPDYKPYPMYPATTSLVNVVPKLNATGRDLLQNLLKCNPVQRISAEEALQHPYFSDFCPPMQKYEKLEKIGEGTYGTVFKAKNRETHEIVALKRVRLDDDDEGVPSSALREICLLKELKHKNIVRLHDVLHSDKKLTLVFEFCDQDLKKYFDSCNGDLDPEIVKSFLFQLLKGLGFCHSRNVLHRDLKPQNLLINRNGELKLANFGLARAFGIPVRCYSAEVVTLWYRPPDVLFGAKLYSTSIDMWSAGCIFAELANAGRPLFPGNDVDDQLKRIFRLLGTPTEEQWPSMTKLPDYKPYPMYPATTSLVNVVPKLNATGRDLLQNLLKCNPVQRISAEEALQHPYFSDFCPPQASTSELLRCLGEFLCRRCYRLKHLSPTDPVLWLRSVDRSLLLQGWQDQGFITPANVVFLYMLCRDVISSEVGSDHELQAVLLTCLYLSYSYMGNEISYPLKPFLVESCKEAFWDRCLSVINLMSSKMLQINADPHYFTQVFSDLKNESGQASTSELLRCLGEFLCRRCYRLKHLSPTDPVLWLRSVDRSLLLQGWQDQGFITPANVVFLYMLCRDVISSEVGSDHELQAVLLTCLYLSYSYMGNEISYPLKPFLVESCKEAFWDRCLSVINLMSSKMLQINADPHYFTQVFSDLKNESG
77,2bm2,c1(cc(ccc1)C[NH4])C1CCN(C(=O)c2cc(CCc3ccccc3)cnc2)CC1,IVGGQEAPRSKWPWQVSLRVHGPYWMHFCGGSLIHPQWVLTAAHCVGPDVKDLAALRVQLREQHLYYQDQLLPVSRIIVHPQFYTAQIGADIALLELEEPVKVSSHVHTVTLPPASETFPPGMPCWVTGWGDVDNDERLPPPFPLKQVKVPIMENHICDAKYHLGAYTGDDVRIVRDDMLCAGNTRRDSCQGDSGGPLVCKVNGTWLQAGVVSWGEGCAQPNRPGIYTRVTYYLDWIHHYVPKIVGGQEAPRSKWPWQVSLRVHGPYWMHFCGGSLIHPQWVLTAAHCVGPDVKDLAALRVQLREQHLYYQDQLLPVSRIIVHPQFYTAQIGADIALLELEEPVKVSSHVHTVTLPPASETFPPGMPCWVTGWGDVDNDERLPPPFPLKQVKVPIMENHICDAKYHLGAYTGDDVRIVRDDMLCAGNTRRDSCQGDSGGPLVCKVNGTWLQAGVVSWGEGCAQPNRPGIYTRVTYYLDWIHHYVPKIVGGQEAPRSKWPWQVSLRVHGPYWMHFCGGSLIHPQWVLTAAHCVGPDVKDLAALRVQLREQHLYYQDQLLPVSRIIVHPQFYTAQIGADIALLELEEPVKVSSHVHTVTLPPASETFPPGMPCWVTGWGDVDNDERLPPPFPLKQVKVPIMENHICDAKYHLGAYTGDDVRIVRDDMLCAGNTRRDSCQGDSGGPLVCKVNGTWLQAGVVSWGEGCAQPNRPGIYTRVTYYLDWIHHYVPKIVGGQEAPRSKWPWQVSLRVHGPYWMHFCGGSLIHPQWVLTAAHCVGPDVKDLAALRVQLREQHLYYQDQLLPVSRIIVHPQFYTAQIGADIALLELEEPVKVSSHVHTVTLPPASETFPPGMPCWVTGWGDVDNDERLPPPFPLKQVKVPIMENHICDAKYHLGAYTGDDVRIVRDDMLCAGNTRRDSCQGDSGGPLVCKVNGTWLQAGVVSWGEGCAQPNRPGIYTRVTYYLDWIHHYVPK
78,1jje,[C@H](C(=O)O)(Cc1ccccc1)[C@@H](C(=O)O)Cc1cc2OCOc2cc1,SLPDLKIEKLDEGVYVHTSFEEVNGWGVVPKHGLVVLVNAEAYLIDTPFTAKDTEKLVTWFVERGYKIKGSISSHFHSDSTGGIEWLNSRSIPTYASELTNELLKKDGKVQATNSFSGVNYWLVKNKIEVFYPGPGHTPDNVVVWLPERKILFGGCFIKPYGLGNLGDANIEAWPKSAKLLKSKYGKAKLVVPSHSEVGDASLLKLTLEQAVKGLNESKKAESLPDLKIEKLDEGVYVHTSFEEVNGWGVVPKHGLVVLVNAEAYLIDTPFTAKDTEKLVTWFVERGYKIKGSISSHFHSDSTGGIEWLNSRSIPTYASELTNELLKKDGKVQATNSFSGVNYWLVKNKIEVFYPGPGHTPDNVVVWLPERKILFGGCFIKPYGLGNLGDANIEAWPKSAKLLKSKYGKAKLVVPSHSEVGDASLLKLTLEQAVKGLNESK
79,1jla,c1(ccccc1)Cc1n(c(=O)[nH]c(=O)c1C(C)C)COCc1ccccc1,PISPIETVPVKLKPGMDGPKVKQWPLTEEKIKALVEICTEMEKEGKISKIGPENPYNTPVFAIKKKWRKLVDFRELNKRTQDFWEVQLGIPHPAGLKKKKSVTVLDVGDAYFSVPLDEDFRKYTAFTIPSIETPGIRYQYNVLPQGWKGSPAIFQSSMTKILEPFRKQNPDIVICQYMDDLYVGSDLEIGQHRTKIEELRQHLLRWGLTTPDKKHQKEPPFLWMGYELHPDKWTVQPIVLPEKDSWTVNDIQKLVGKLNWASQIYPGIKVRQLKLLRGTKALTEVIPLTEEAELELAENREILKEPVHGVYYDPSKDLIAEIQKQGQGQWTYQIYQEPFKNLKTGKYARMRGAHTNDVKQLTEAVQKITTESIVIWGKTPKFKLPIQKETWETWWTEYWQATWIPEWEFVNTPPLVKLWYQLEKEPIVGAETFYVDGAANRETKLGKAGYVTNRGRQKVVTLTDTTNQKTELQAIYLALQDSGLEVNIVTDSQYALGIIQAQPDQSESELVNQIIEQLIKKEKVYLAWVPAHKGIGGNEQVDKLVSETVPVKLKPGMDGPKVKQWPLTEEKIKALVEICTEMEKEGKISKIGPENPYNTPVFAIKKKDSTKWRKLVDFRELNKRTQDFHPAGLKKKKSVTVLDVGDAYFSVPLDEDFRKYTAFTIPSINNETPGIRYQYNVLPQGWKGSPAIFQSSMTKILEPFRKQNPDIVICQYMDDLYVGSDLEIGQHRTKIEELRQHLLRWGELHPDKWTVQPIVLPEKDSWTVNDIQKLVGKLNWASQIYPGIKVRQLCKLLRGTKALTEVIPLTEEAELELAENREILKEPVHGVYYDPSKDLIAEIQKQGQGQWTYQIYQEPFKNLKTGKYARMRGAHTNDVKQLTEAVQKITTESIVIWGKTPKFKLPIQKETWETWWTEYWQATWIPEWEFVNTPPLVKLWYQLEKEPIVGAETF
80,1kzk,c1(O)cccc(c1C)C(=O)N[C@@H](Cc1ccccc1)[C@H](O)C(=O)N1CSC(C)(C)[C@H]1C(=O)NCc1c(cccc1)C,PQITLWKRPLVTIRIGGQLKEALLDTGADDTVLEEMNLPGKWKPKMIGGIGGFIKVRQYDQIPVEICGHKAIGTVLVGPTPVNIIGRNLLTQIGCTLNFPQITLWKRPLVTIRIGGQLKEALLDTGADDTVLEEMNLPGKWKPKMIGGIGGFIKVRQYDQIPVEICGHKAIGTVLVGPTPVNIIGRNLLTQIGCTLNF
81,1uml,c1n(cnc1C(=O)N)[C@@H](CO)CCn1ccc2c1cc(cc2)NC(=O)CCc1ccccc1,TPAFDKPKVELHVHLDGAIKPETILYYGKRRGIALPADTPEELQNIIGMDKPLTLPDFLAKFDYYMPAIAGCRDAIKRIAYEFVEMKAKDGVVYVEVRYSPHLLANSKVEPIPWNQAEGDLTPDEVVSLVNQGLQEGERDFGVKVRSILCCMRHQPSWSSEVVELCKKYREQTVVAIDLAGDETIEGSSLFPGHVQAYAEAVKSGVHRTVHAGEVGSANVVKEAVDTLKTERLGHGYHTLEDTTLYNRLRQENMHFEICPWSSYLTGAWKPDTEHAVIRFKNDQVNYSLNTDDPLIFKSTLDTDYQMTKKDMGFTEEEFKRLNINAAKSSFLPEDEKKELLDLLYKAYR
82,1sg0,c1(cc(cc(c1)/C=C/c1ccc(cc1)O)O)O,AGKKVLIVYAHQEPKSFNGSLKNVAVDELSRQGCTVTVSDLYAMNFEPRATDKDITGTLSNPEVFNYGVETHEAYKQRSLASDITDEQKKVREADLVIFQFPLYWFSVPAILKGWMDRVLCQGFAFDIPGFYDSGLLQGKLALLSVTTGGTAEMYTKTGVNGDSRYFLWPLQHGTLHFCGFKVLAPQISFAPEIASEEERKGMVAAWSQRLQTIWKEEPIPCTAHWHFGQAGKKVLIVYAHQEPKSFNGSLKNVAVDELSRQGCTVTVSDLYAMNFEPRATDKDITGTLSNPEVFNYGVETHEAYKQRSLASDITDEQKKVREADLVIFQFPLYWFSVPAILKGWMDRVLCQGFAFDIPGFYDSGLLQGKLALLSVTTGGTAEMYTKTGVNGDSRYFLWPLQHGTLHFCGFKVLAPQISFAPEIASEEERKGMVAAWSQRLQTIWKEEPIPCTAHWHFGQ
83,1v4s,s1ccnc1NC(=O)c1c(cc(c(c1)Sc1n(ccn1)C)F)N,TLVEQILAEFQLQEEDLKKVMRRMQKEMDRGLRLETHEEASVKMLPTYVRSTPEGSEVGDFLSLDLGGTNFRVMLVKVGEGEEGQWSVKTKHQMYSIPEDAMTGTAEMLFDYISECISDFLDKHQMKHKKLPLGFTFSFPVRHEDIDKGILLNWTKGFKASGAEGNNVVGLLRDAIKRRGDFEMDVVAMVNDTVATMISCYYEDHQCEVGMIVGTGCNACYMEEMQNVELVEGDEGRMCVNTEWGAFGDSGELDEFLLEYDRLVDESSANPGQQLYEKLIGGKYMGELVRLVLLRLVDENLLFHGEASEQLRTRGAFETRFVSQVESDTGDRKQIYNILSTLGLRPSTTDCDIVRRACESVSTRAAHMCSAGLAGVINRMRESRSEDVMRITVGVDGSVYKLHPSFKERFHASVRRLTPSCEITFIESEEGSGRGAALVSAVACKKAC
84,1v48,n1(cnc2c(=O)[nH]c(N)nc12)CCCCC(F)(F)P(=O)(O)O,QNGYTYEDYQDTAKWLLSHTEQRPQVAVICGSGLGGLVNKLTQAQTFDYSEIPNFPESGRLVFGILNGRACVMMQGRFHMYEGYPFWKVTFPVRVFRLLGVETLVVTNAAGGLNPNFEVGDIMLIRDHINLPGFSGENPLRGPNEERFGVRFPAMSDAYDRDMRQKAHSTWKQMGEQRELQEGTYVMLGGPNFETVAECRLLRNLGADAVGMSTVPEVIVARHCGLRVFGFSLITNKVIMDYEAAQKLEQFVSLLMASIPV
